{
	"credit": "Made with Blockbench",
	"texture_size": [64, 64],
	"textures": {
		"2": "item/decore/furniture/machine/texture",
		"particle": "item/decore/furniture/machine/texture"
	},
	"elements": [
		{
			"from": [-2.5, 2, 6.5],
			"to": [-1.5, 6, 9.5],
			"faces": {
				"north": {"uv": [1.5, 8.5, 1.75, 9.5], "texture": "#2"},
				"east": {"uv": [6, 7.5, 6.75, 8.5], "texture": "#2"},
				"south": {"uv": [1.75, 8.5, 2, 9.5], "texture": "#2"},
				"west": {"uv": [6.75, 8, 7.5, 9], "texture": "#2"},
				"up": {"uv": [6.75, 9.25, 6.5, 8.5], "texture": "#2"},
				"down": {"uv": [8.75, 7.25, 8.5, 8], "texture": "#2"}
			}
		},
		{
			"from": [-3.5, 4.5, 8],
			"to": [1.5, 5.5, 14],
			"faces": {
				"north": {"uv": [8.5, 3.75, 9.75, 4], "texture": "#2"},
				"east": {"uv": [7.5, 8, 9, 8.25], "texture": "#2"},
				"south": {"uv": [8.5, 4, 9.75, 4.25], "texture": "#2"},
				"west": {"uv": [7.5, 8.25, 9, 8.5], "texture": "#2"},
				"up": {"uv": [7.25, 7.5, 6, 6], "texture": "#2"},
				"down": {"uv": [8.5, 3.5, 7.25, 5], "texture": "#2"}
			}
		},
		{
			"from": [-3.5, 2.5, 8],
			"to": [1.5, 3.5, 14],
			"faces": {
				"north": {"uv": [8.5, 4.25, 9.75, 4.5], "texture": "#2"},
				"east": {"uv": [0, 8.5, 1.5, 8.75], "texture": "#2"},
				"south": {"uv": [8.5, 4.5, 9.75, 4.75], "texture": "#2"},
				"west": {"uv": [8.5, 3.5, 10, 3.75], "texture": "#2"},
				"up": {"uv": [8.5, 6.5, 7.25, 5], "texture": "#2"},
				"down": {"uv": [8.5, 6.5, 7.25, 8], "texture": "#2"}
			}
		},
		{
			"from": [-1.5, 0, 4.5],
			"to": [17.5, 12, 11.5],
			"faces": {
				"north": {"uv": [0, 0, 4.75, 3], "texture": "#2"},
				"east": {"uv": [2.5, 6, 4.25, 9], "texture": "#2"},
				"south": {"uv": [0, 3, 4.75, 6], "texture": "#2"},
				"west": {"uv": [4.25, 6, 6, 9], "texture": "#2"},
				"up": {"uv": [9.5, 1.75, 4.75, 0], "texture": "#2"},
				"down": {"uv": [9.5, 1.75, 4.75, 3.5], "texture": "#2"}
			}
		},
		{
			"from": [12.5, 0, 2.5],
			"to": [14.5, 0, 4.5],
			"faces": {
				"north": {"uv": [0, 0, 0.5, 0], "texture": "#2"},
				"east": {"uv": [0, 0, 0.5, 0], "texture": "#2"},
				"south": {"uv": [0, 0, 0.5, 0], "texture": "#2"},
				"west": {"uv": [0, 0, 0.5, 0], "texture": "#2"},
				"up": {"uv": [7.25, 8, 6.75, 7.5], "texture": "#2"},
				"down": {"uv": [2.5, 8.5, 2, 9], "texture": "#2"}
			}
		},
		{
			"from": [1.5, 0, 2.5],
			"to": [3.5, 0, 4.5],
			"faces": {
				"north": {"uv": [0, 0, 0.5, 0], "texture": "#2"},
				"east": {"uv": [0, 0, 0.5, 0], "texture": "#2"},
				"south": {"uv": [0, 0, 0.5, 0], "texture": "#2"},
				"west": {"uv": [0, 0, 0.5, 0], "texture": "#2"},
				"up": {"uv": [9, 5.25, 8.5, 4.75], "texture": "#2"},
				"down": {"uv": [9, 5.25, 8.5, 5.75], "texture": "#2"}
			}
		},
		{
			"from": [1.5, 0, 11.5],
			"to": [3.5, 0, 13.5],
			"faces": {
				"north": {"uv": [0, 0, 0.5, 0], "texture": "#2"},
				"east": {"uv": [0, 0, 0.5, 0], "texture": "#2"},
				"south": {"uv": [0, 0, 0.5, 0], "texture": "#2"},
				"west": {"uv": [0, 0, 0.5, 0], "texture": "#2"},
				"up": {"uv": [9, 6.75, 8.5, 6.25], "texture": "#2"},
				"down": {"uv": [9, 6.75, 8.5, 7.25], "texture": "#2"}
			}
		},
		{
			"from": [12.5, 0, 11.5],
			"to": [14.5, 0, 13.5],
			"faces": {
				"north": {"uv": [0, 0, 0.5, 0], "texture": "#2"},
				"east": {"uv": [0, 0, 0.5, 0], "texture": "#2"},
				"south": {"uv": [0, 0, 0.5, 0], "texture": "#2"},
				"west": {"uv": [0, 0, 0.5, 0], "texture": "#2"},
				"up": {"uv": [9, 6.25, 8.5, 5.75], "texture": "#2"},
				"down": {"uv": [6.5, 8.5, 6, 9], "texture": "#2"}
			}
		},
		{
			"from": [6.5, 1, 5],
			"to": [16.5, 11, 5],
			"faces": {
				"north": {"uv": [4.75, 3.5, 7.25, 6], "texture": "#2"},
				"east": {"uv": [0, 0, 0, 2.5], "texture": "#2"},
				"south": {"uv": [0, 6, 2.5, 8.5], "texture": "#2"},
				"west": {"uv": [0, 0, 0, 2.5], "texture": "#2"},
				"up": {"uv": [2.5, 0, 0, 0], "texture": "#2"},
				"down": {"uv": [2.5, 0, 0, 0], "texture": "#2"}
			}
		},
		{
			"name": "cube inverted",
			"from": [1.5, 5.5, 14],
			"to": [-3.5, 4.5, 8],
			"faces": {
				"north": {"uv": [8.5, 4.25, 9.75, 4], "texture": "#2"},
				"east": {"uv": [7.5, 8.5, 9, 8.25], "texture": "#2"},
				"south": {"uv": [8.5, 4, 9.75, 3.75], "texture": "#2"},
				"west": {"uv": [7.5, 8.25, 9, 8], "texture": "#2"},
				"up": {"uv": [7.25, 3.5, 8.5, 5], "texture": "#2"},
				"down": {"uv": [6, 7.5, 7.25, 6], "texture": "#2"}
			}
		},
		{
			"name": "cube inverted",
			"from": [1.5, 3.5, 14],
			"to": [-3.5, 2.5, 8],
			"faces": {
				"north": {"uv": [8.5, 4.75, 9.75, 4.5], "texture": "#2"},
				"east": {"uv": [8.5, 3.75, 10, 3.5], "texture": "#2"},
				"south": {"uv": [8.5, 4.5, 9.75, 4.25], "texture": "#2"},
				"west": {"uv": [0, 8.75, 1.5, 8.5], "texture": "#2"},
				"up": {"uv": [7.25, 6.5, 8.5, 8], "texture": "#2"},
				"down": {"uv": [7.25, 6.5, 8.5, 5], "texture": "#2"}
			}
		}
	],
	"display": {
		"firstperson_righthand": {
			"rotation": [-180, 18.25, -180],
			"translation": [0, 3, 0],
			"scale": [0.5, 0.5, 0.5]
		},
		"fixed": {
			"translation": [0, 4, -10.25],
			"scale": [2, 2, 2]
		}
	}
}