{
	"credit": "Made with Blockbench",
	"texture_size": [128, 128],
	"textures": {
		"1": "item/decore/furniture/texture",
		"particle": "item/decore/furniture/texture"
	},
	"elements": [
		{
			"from": [-16, 16, -1],
			"to": [32, 18, 17],
			"rotation": {"angle": 0, "axis": "y", "origin": [0, 16, 0]},
			"faces": {
				"north": {"uv": [6, 1.75, 12, 2], "texture": "#1"},
				"east": {"uv": [6.75, 5.375, 9, 5.625], "texture": "#1"},
				"south": {"uv": [6, 2, 12, 2.25], "texture": "#1"},
				"west": {"uv": [6.75, 5.625, 9, 5.875], "texture": "#1"},
				"up": {"uv": [6, 2.25, 0, 0], "texture": "#1"},
				"down": {"uv": [6, 2.25, 0, 4.5], "texture": "#1"}
			}
		},
		{
			"from": [30, 0, -1],
			"to": [32, 2, 17],
			"rotation": {"angle": 0, "axis": "y", "origin": [30, 0, 0]},
			"faces": {
				"north": {"uv": [7, 3.375, 7.25, 3.625], "texture": "#1"},
				"east": {"uv": [6.75, 5.875, 9, 6.125], "texture": "#1"},
				"south": {"uv": [7, 3.625, 7.25, 3.875], "texture": "#1"},
				"west": {"uv": [1, 7, 3.25, 7.25], "texture": "#1"},
				"up": {"uv": [3.5, 9.25, 3.25, 7], "texture": "#1"},
				"down": {"uv": [3.75, 7, 3.5, 9.25], "texture": "#1"}
			}
		},
		{
			"from": [31, 2, -1],
			"to": [31, 16, 17],
			"rotation": {"angle": 0, "axis": "y", "origin": [30, 2, 0]},
			"faces": {
				"north": {"uv": [0, 0, 0, 1.75], "texture": "#1"},
				"east": {"uv": [0, 4.5, 2.25, 6.25], "texture": "#1"},
				"south": {"uv": [0, 0, 0, 1.75], "texture": "#1"},
				"west": {"uv": [2.25, 4.5, 4.5, 6.25], "texture": "#1"},
				"up": {"uv": [0, 2.25, 0, 0], "texture": "#1"},
				"down": {"uv": [0, 0, 0, 2.25], "texture": "#1"}
			}
		},
		{
			"from": [-15, 2, -1],
			"to": [-15, 16, 17],
			"rotation": {"angle": 0, "axis": "y", "origin": [-14, 2, 0]},
			"faces": {
				"north": {"uv": [0, 0, 0, 1.75], "texture": "#1"},
				"east": {"uv": [4.5, 4.5, 6.75, 6.25], "texture": "#1"},
				"south": {"uv": [0, 0, 0, 1.75], "texture": "#1"},
				"west": {"uv": [6, 0, 8.25, 1.75], "texture": "#1"},
				"up": {"uv": [0, 2.25, 0, 0], "texture": "#1"},
				"down": {"uv": [0, 0, 0, 2.25], "texture": "#1"}
			}
		},
		{
			"from": [-16, 0, -1],
			"to": [-14, 2, 17],
			"rotation": {"angle": 0, "axis": "y", "origin": [-14, 0, 0]},
			"faces": {
				"north": {"uv": [7, 3.875, 7.25, 4.125], "texture": "#1"},
				"east": {"uv": [7, 2.75, 9.25, 3], "texture": "#1"},
				"south": {"uv": [4.25, 7, 4.5, 7.25], "texture": "#1"},
				"west": {"uv": [7, 3, 9.25, 3.25], "texture": "#1"},
				"up": {"uv": [4, 9.25, 3.75, 7], "texture": "#1"},
				"down": {"uv": [4.25, 7, 4, 9.25], "texture": "#1"}
			}
		},
		{
			"from": [-15, 13.5, 17],
			"to": [31, 13.5, 17],
			"rotation": {"angle": 0, "axis": "y", "origin": [-14, 2, 0]},
			"faces": {
				"north": {"uv": [0, 0, 5.75, 0], "texture": "#1"},
				"east": {"uv": [0, 0, 0, 0], "texture": "#1"},
				"south": {"uv": [0, 0, 5.75, 0], "texture": "#1"},
				"west": {"uv": [0, 0, 0, 0], "texture": "#1"},
				"up": {"uv": [5.75, 0, 0, 0], "texture": "#1"},
				"down": {"uv": [5.75, 0, 0, 0], "texture": "#1"}
			}
		},
		{
			"from": [-15, 10.5, 17],
			"to": [31, 12.5, 17],
			"rotation": {"angle": 0, "axis": "y", "origin": [-14, 0, 0]},
			"faces": {
				"north": {"uv": [6, 2.25, 11.75, 2.5], "texture": "#1"},
				"east": {"uv": [0, 0, 0, 0.25], "texture": "#1"},
				"south": {"uv": [6, 2.5, 11.75, 2.75], "texture": "#1"},
				"west": {"uv": [0, 0, 0, 0.25], "texture": "#1"},
				"up": {"uv": [5.75, 0, 0, 0], "texture": "#1"},
				"down": {"uv": [5.75, 0, 0, 0], "texture": "#1"}
			}
		},
		{
			"from": [24, 18.1, -2.5],
			"to": [32, 18.1, 8.5],
			"rotation": {"angle": 22.5, "axis": "y", "origin": [28, 18, 3]},
			"faces": {
				"north": {"uv": [0, 0, 1, 0], "texture": "#1"},
				"east": {"uv": [0, 0, 1.375, 0], "texture": "#1"},
				"south": {"uv": [0, 0, 1, 0], "texture": "#1"},
				"west": {"uv": [0, 0, 1.375, 0], "texture": "#1"},
				"up": {"uv": [7, 4.125, 6, 2.75], "texture": "#1"},
				"down": {"uv": [1, 6.25, 0, 7.625], "texture": "#1"}
			}
		},
		{
			"from": [22, 18, 3],
			"to": [29, 18, 13],
			"rotation": {"angle": -22.5, "axis": "y", "origin": [25.5, 18, 8]},
			"faces": {
				"north": {"uv": [0, 0, 0.875, 0], "texture": "#1"},
				"east": {"uv": [0, 0, 1.25, 0], "texture": "#1"},
				"south": {"uv": [0, 0, 0.875, 0], "texture": "#1"},
				"west": {"uv": [0, 0, 1.25, 0], "texture": "#1"},
				"up": {"uv": [5.375, 7.5, 4.5, 6.25], "texture": "#1"},
				"down": {"uv": [6.25, 6.25, 5.375, 7.5], "texture": "#1"}
			}
		},
		{
			"from": [-13.5, 18, 2],
			"to": [-6.5, 18, 12],
			"rotation": {"angle": -22.5, "axis": "y", "origin": [-10, 18, 7]},
			"faces": {
				"north": {"uv": [0, 0, 0.875, 0], "texture": "#1"},
				"east": {"uv": [0, 0, 1.25, 0], "texture": "#1"},
				"south": {"uv": [0, 0, 0.875, 0], "texture": "#1"},
				"west": {"uv": [0, 0, 1.25, 0], "texture": "#1"},
				"up": {"uv": [7.125, 7.5, 6.25, 6.25], "texture": "#1"},
				"down": {"uv": [7.625, 4.125, 6.75, 5.375], "texture": "#1"}
			}
		}
	],
	"display": {
		"fixed": {
			"rotation": [-90, 0, 0],
			"translation": [0, 0, -16],
			"scale": [2, 2, 2]
		}
	},
	"groups": [
		{
			"name": "table",
			"origin": [-14, 0, 0],
			"color": 0,
			"children": [
				0,
				1,
				2,
				3,
				4,
				5,
				6,
				{
					"name": "papers",
					"origin": [-14, 0, 0],
					"color": 0,
					"children": [7, 8, 9]
				}
			]
		}
	]
}