{
	"credit": "Made with Blockbench",
	"texture_size": [64, 64],
	"textures": {
		"1": "item/decore/furniture/chaise/01",
		"particle": "item/decore/furniture/chaise/01"
	},
	"elements": [
		{
			"from": [2, 9, 2],
			"to": [14, 10, 14],
			"rotation": {"angle": 0, "axis": "y", "origin": [8, 14.25, 8]},
			"faces": {
				"north": {"uv": [7, 6.75, 10, 7], "texture": "#1"},
				"east": {"uv": [7, 7, 10, 7.25], "texture": "#1"},
				"south": {"uv": [0.5, 7, 3.5, 7.25], "texture": "#1"},
				"west": {"uv": [7, 6.5, 10, 6.75], "texture": "#1"},
				"up": {"uv": [3, 3, 0, 0], "rotation": 180, "texture": "#1"},
				"down": {"uv": [3, 3, 0, 6], "rotation": 180, "texture": "#1"}
			}
		},
		{
			"from": [3, 10, 3],
			"to": [13, 12, 13],
			"rotation": {"angle": 0, "axis": "y", "origin": [8, 14.25, 8]},
			"faces": {
				"north": {"uv": [0, 6, 2.5, 6.5], "texture": "#1"},
				"east": {"uv": [5.5, 6, 8, 6.5], "texture": "#1"},
				"south": {"uv": [5.5, 5, 8, 5.5], "texture": "#1"},
				"west": {"uv": [5.5, 5.5, 8, 6], "texture": "#1"},
				"up": {"uv": [8, 2.5, 5.5, 0], "rotation": 180, "texture": "#1"},
				"down": {"uv": [8, 2.5, 5.5, 5], "rotation": 180, "texture": "#1"}
			}
		},
		{
			"from": [7.5, 0, 0.42893],
			"to": [8.5, 9, 1.42893],
			"rotation": {"angle": 45, "axis": "y", "origin": [8, 14.25, 8]},
			"faces": {
				"north": {"uv": [3, 7.25, 3.25, 9.5], "texture": "#1"},
				"east": {"uv": [3.25, 7.25, 3.5, 9.5], "texture": "#1"},
				"south": {"uv": [4.5, 7, 4.75, 9.25], "texture": "#1"},
				"west": {"uv": [4.75, 7, 5, 9.25], "texture": "#1"},
				"up": {"uv": [8.5, 2.75, 8.25, 2.5], "rotation": 180, "texture": "#1"},
				"down": {"uv": [8.5, 5.75, 8.25, 6], "rotation": 180, "texture": "#1"}
			}
		},
		{
			"from": [14.57107, 0, 7.5],
			"to": [15.57107, 9, 8.5],
			"rotation": {"angle": 45, "axis": "y", "origin": [8, 14.25, 8]},
			"faces": {
				"north": {"uv": [0.75, 8, 1, 10.25], "texture": "#1"},
				"east": {"uv": [1, 8, 1.25, 10.25], "texture": "#1"},
				"south": {"uv": [0.5, 8, 0.75, 10.25], "texture": "#1"},
				"west": {"uv": [8, 0.5, 8.25, 2.75], "texture": "#1"},
				"up": {"uv": [8.75, 2.75, 8.5, 2.5], "rotation": 180, "texture": "#1"},
				"down": {"uv": [8.75, 5.75, 8.5, 6], "rotation": 180, "texture": "#1"}
			}
		},
		{
			"from": [12.5, 2, 3],
			"to": [13.5, 3, 13],
			"rotation": {"angle": 0, "axis": "y", "origin": [8, 14.25, 8]},
			"faces": {
				"north": {"uv": [8.5, 6.25, 8.75, 6.5], "texture": "#1"},
				"east": {"uv": [7, 7.25, 9.5, 7.5], "texture": "#1"},
				"south": {"uv": [8.5, 6, 8.75, 6.25], "texture": "#1"},
				"west": {"uv": [0.5, 7.25, 3, 7.5], "texture": "#1"},
				"up": {"uv": [3.75, 9.5, 3.5, 7], "rotation": 180, "texture": "#1"},
				"down": {"uv": [4, 7, 3.75, 9.5], "rotation": 180, "texture": "#1"}
			}
		},
		{
			"from": [3.5, 2, 7.5],
			"to": [12.5, 3, 8.5],
			"rotation": {"angle": 0, "axis": "y", "origin": [8, 14.25, 8]},
			"faces": {
				"north": {"uv": [8, 3, 10.25, 3.25], "texture": "#1"},
				"east": {"uv": [7.25, 8.5, 7.5, 8.75], "texture": "#1"},
				"south": {"uv": [8, 2.75, 10.25, 3], "texture": "#1"},
				"west": {"uv": [7, 8.5, 7.25, 8.75], "texture": "#1"},
				"up": {"uv": [10.25, 3.5, 8, 3.25], "rotation": 180, "texture": "#1"},
				"down": {"uv": [10.25, 3.5, 8, 3.75], "rotation": 180, "texture": "#1"}
			}
		},
		{
			"from": [2.5, 2, 3],
			"to": [3.5, 3, 13],
			"rotation": {"angle": 0, "axis": "y", "origin": [8, 14.25, 8]},
			"faces": {
				"north": {"uv": [7.75, 8.5, 8, 8.75], "texture": "#1"},
				"east": {"uv": [7, 7.5, 9.5, 7.75], "texture": "#1"},
				"south": {"uv": [7.5, 8.5, 7.75, 8.75], "texture": "#1"},
				"west": {"uv": [0.5, 7.5, 3, 7.75], "texture": "#1"},
				"up": {"uv": [4.25, 9.5, 4, 7], "rotation": 180, "texture": "#1"},
				"down": {"uv": [4.5, 7, 4.25, 9.5], "rotation": 180, "texture": "#1"}
			}
		},
		{
			"from": [0.42893, 0, 7.5],
			"to": [1.42893, 9, 8.5],
			"rotation": {"angle": 45, "axis": "y", "origin": [8, 14.25, 8]},
			"faces": {
				"north": {"uv": [1.75, 8, 2, 10.25], "texture": "#1"},
				"east": {"uv": [2, 8, 2.25, 10.25], "texture": "#1"},
				"south": {"uv": [1.25, 8, 1.5, 10.25], "texture": "#1"},
				"west": {"uv": [1.5, 8, 1.75, 10.25], "texture": "#1"},
				"up": {"uv": [8.25, 8.75, 8, 8.5], "rotation": 180, "texture": "#1"},
				"down": {"uv": [8.75, 8, 8.5, 8.25], "rotation": 180, "texture": "#1"}
			}
		},
		{
			"from": [7.5, 0, 14.57107],
			"to": [8.5, 9, 15.57107],
			"rotation": {"angle": 45, "axis": "y", "origin": [8, 14.25, 8]},
			"faces": {
				"north": {"uv": [2.75, 8, 3, 10.25], "texture": "#1"},
				"east": {"uv": [8, 3.75, 8.25, 6], "texture": "#1"},
				"south": {"uv": [2.25, 8, 2.5, 10.25], "texture": "#1"},
				"west": {"uv": [2.5, 8, 2.75, 10.25], "texture": "#1"},
				"up": {"uv": [8.5, 8.75, 8.25, 8.5], "rotation": 180, "texture": "#1"},
				"down": {"uv": [8.75, 8.25, 8.5, 8.5], "rotation": 180, "texture": "#1"}
			}
		},
		{
			"from": [3, 5, 2.5],
			"to": [13, 7, 3.5],
			"rotation": {"angle": 0, "axis": "y", "origin": [8, 14.25, 8]},
			"faces": {
				"north": {"uv": [2.5, 6.5, 5, 7], "texture": "#1"},
				"east": {"uv": [8.5, 5.25, 8.75, 5.75], "texture": "#1"},
				"south": {"uv": [0, 6.5, 2.5, 7], "texture": "#1"},
				"west": {"uv": [8.25, 5.25, 8.5, 5.75], "texture": "#1"},
				"up": {"uv": [3, 8, 0.5, 7.75], "rotation": 180, "texture": "#1"},
				"down": {"uv": [9.5, 7.75, 7, 8], "rotation": 180, "texture": "#1"}
			}
		},
		{
			"from": [7, 25, 14.07107],
			"to": [9, 27, 16.07107],
			"rotation": {"angle": 45, "axis": "y", "origin": [8, 14.25, 8]},
			"faces": {
				"north": {"uv": [7, 8, 7.5, 8.5], "texture": "#1"},
				"east": {"uv": [7.5, 8, 8, 8.5], "texture": "#1"},
				"south": {"uv": [2.5, 6, 3, 6.5], "texture": "#1"},
				"west": {"uv": [8, 6, 8.5, 6.5], "texture": "#1"},
				"up": {"uv": [8.5, 8.5, 8, 8], "rotation": 180, "texture": "#1"},
				"down": {"uv": [8.75, 0.5, 8.25, 1], "rotation": 180, "texture": "#1"}
			}
		},
		{
			"from": [7.5, 10, 14.57107],
			"to": [8.5, 25, 15.57107],
			"rotation": {"angle": 45, "axis": "y", "origin": [8, 14.25, 8]},
			"faces": {
				"north": {"uv": [5.5, 6.5, 5.75, 10.25], "texture": "#1"},
				"east": {"uv": [5.75, 6.5, 6, 10.25], "texture": "#1"},
				"south": {"uv": [5, 6.5, 5.25, 10.25], "texture": "#1"},
				"west": {"uv": [5.25, 6.5, 5.5, 10.25], "texture": "#1"},
				"up": {"uv": [8.75, 8.75, 8.5, 8.5], "rotation": 180, "texture": "#1"},
				"down": {"uv": [9, 0.5, 8.75, 0.75], "rotation": 180, "texture": "#1"}
			}
		},
		{
			"from": [3, 13, 12.5],
			"to": [13, 26, 13.5],
			"rotation": {"angle": 0, "axis": "y", "origin": [8, 14.25, 8]},
			"faces": {
				"north": {"uv": [3, 3.25, 5.5, 6.5], "texture": "#1"},
				"east": {"uv": [0.25, 7, 0.5, 10.25], "texture": "#1"},
				"south": {"uv": [3, 0, 5.5, 3.25], "texture": "#1"},
				"west": {"uv": [0, 7, 0.25, 10.25], "texture": "#1"},
				"up": {"uv": [10.5, 0.25, 8, 0], "rotation": 180, "texture": "#1"},
				"down": {"uv": [10.5, 0.25, 8, 0.5], "rotation": 180, "texture": "#1"}
			}
		},
		{
			"from": [-0.07107, 25, 7],
			"to": [1.92893, 27, 9],
			"rotation": {"angle": 45, "axis": "y", "origin": [8, 14.25, 8]},
			"faces": {
				"north": {"uv": [8.25, 2, 8.75, 2.5], "texture": "#1"},
				"east": {"uv": [8.25, 3.75, 8.75, 4.25], "texture": "#1"},
				"south": {"uv": [8.25, 1, 8.75, 1.5], "texture": "#1"},
				"west": {"uv": [8.25, 1.5, 8.75, 2], "texture": "#1"},
				"up": {"uv": [8.75, 4.75, 8.25, 4.25], "rotation": 180, "texture": "#1"},
				"down": {"uv": [8.75, 4.75, 8.25, 5.25], "rotation": 180, "texture": "#1"}
			}
		},
		{
			"from": [0.42893, 10, 7.5],
			"to": [1.42893, 25, 8.5],
			"rotation": {"angle": 45, "axis": "y", "origin": [8, 14.25, 8]},
			"faces": {
				"north": {"uv": [6.5, 6.5, 6.75, 10.25], "texture": "#1"},
				"east": {"uv": [6.75, 6.5, 7, 10.25], "texture": "#1"},
				"south": {"uv": [6, 6.5, 6.25, 10.25], "texture": "#1"},
				"west": {"uv": [6.25, 6.5, 6.5, 10.25], "texture": "#1"},
				"up": {"uv": [9, 1, 8.75, 0.75], "rotation": 180, "texture": "#1"},
				"down": {"uv": [9, 1, 8.75, 1.25], "rotation": 180, "texture": "#1"}
			}
		}
	],
	"display": {
		"fixed": {
			"rotation": [-90, 0, 0],
			"translation": [0, 0, -16],
			"scale": [2, 2, 2]
		}
	},
	"groups": [
		{
			"name": "group",
			"origin": [0, 0, 0],
			"color": 0,
			"children": [
				0,
				1,
				{
					"name": "group",
					"origin": [0, 0, 0],
					"color": 0,
					"children": [2, 3, 4, 5, 6, 7, 8, 9]
				},
				{
					"name": "group",
					"origin": [0, 0, 0],
					"color": 0,
					"children": [10, 11, 12, 13, 14]
				}
			]
		}
	]
}