{
	"credit": "Made with Blockbench",
	"texture_size": [64, 64],
	"textures": {
		"1": "item/decore/furniture/sign/texture2",
		"particle": "item/decore/furniture/sign/texture2"
	},
	"elements": [
		{
			"from": [7.5, -16, 7.5],
			"to": [8.5, 30, 8.5],
			"rotation": {"angle": -45, "axis": "y", "origin": [8, 7, 8]},
			"faces": {
				"north": {"uv": [3.5, 0, 3.75, 11.5], "texture": "#1"},
				"east": {"uv": [3.75, 0, 4, 11.5], "texture": "#1"},
				"south": {"uv": [4, 0, 4.25, 11.5], "texture": "#1"},
				"west": {"uv": [4.25, 0, 4.5, 11.5], "texture": "#1"},
				"up": {"uv": [7.75, 0.25, 7.5, 0], "texture": "#1"},
				"down": {"uv": [7.75, 0.25, 7.5, 0.5], "texture": "#1"}
			}
		},
		{
			"from": [1, 18, 6.25],
			"to": [15, 32, 7.25],
			"rotation": {"angle": 0, "axis": "y", "origin": [0, 0, 0.25]},
			"faces": {
				"north": {"uv": [0, 0, 3.5, 3.5], "texture": "#1"},
				"east": {"uv": [6, 4, 6.25, 7.5], "texture": "#1"},
				"south": {"uv": [0, 3.5, 3.5, 7], "texture": "#1"},
				"west": {"uv": [4.5, 6, 4.75, 9.5], "texture": "#1"},
				"up": {"uv": [9.75, 4.25, 6.25, 4], "texture": "#1"},
				"down": {"uv": [9.75, 4.25, 6.25, 4.5], "texture": "#1"}
			}
		},
		{
			"from": [4, 26, 6.75],
			"to": [12, 28, 7.75],
			"faces": {
				"north": {"uv": [6, 2, 8, 2.5], "texture": "#1"},
				"east": {"uv": [0, 7.25, 0.25, 7.75], "texture": "#1"},
				"south": {"uv": [6, 2.5, 8, 3], "texture": "#1"},
				"west": {"uv": [0.25, 7.25, 0.5, 7.75], "texture": "#1"},
				"up": {"uv": [8.25, 4.75, 6.25, 4.5], "texture": "#1"},
				"down": {"uv": [8.25, 4.75, 6.25, 5], "texture": "#1"}
			}
		},
		{
			"from": [7, 21, 7.75],
			"to": [9, 23, 8.75],
			"rotation": {"angle": 0, "axis": "y", "origin": [8, 27.5, 7.75]},
			"faces": {
				"north": {"uv": [5, 7, 5.5, 7.5], "texture": "#1"},
				"east": {"uv": [1, 7.25, 1.25, 7.75], "texture": "#1"},
				"south": {"uv": [5.5, 7, 6, 7.5], "texture": "#1"},
				"west": {"uv": [1.25, 7.25, 1.5, 7.75], "texture": "#1"},
				"up": {"uv": [2, 7.5, 1.5, 7.25], "texture": "#1"},
				"down": {"uv": [2.5, 7.25, 2, 7.5], "texture": "#1"}
			}
		},
		{
			"from": [7, 26, 7.75],
			"to": [9, 28, 8.75],
			"rotation": {"angle": 0, "axis": "y", "origin": [8, 27.5, 7.75]},
			"faces": {
				"north": {"uv": [6.25, 7, 6.75, 7.5], "texture": "#1"},
				"east": {"uv": [2.5, 7.25, 2.75, 7.75], "texture": "#1"},
				"south": {"uv": [6.75, 7, 7.25, 7.5], "texture": "#1"},
				"west": {"uv": [2.75, 7.25, 3, 7.75], "texture": "#1"},
				"up": {"uv": [7.75, 7.25, 7.25, 7], "texture": "#1"},
				"down": {"uv": [7.75, 7.25, 7.25, 7.5], "texture": "#1"}
			}
		},
		{
			"from": [4, 21, 6.75],
			"to": [12, 23, 7.75],
			"faces": {
				"north": {"uv": [6, 3, 8, 3.5], "texture": "#1"},
				"east": {"uv": [0.5, 7.25, 0.75, 7.75], "texture": "#1"},
				"south": {"uv": [6, 3.5, 8, 4], "texture": "#1"},
				"west": {"uv": [0.75, 7.25, 1, 7.75], "texture": "#1"},
				"up": {"uv": [8.25, 5.25, 6.25, 5], "texture": "#1"},
				"down": {"uv": [8.25, 5.25, 6.25, 5.5], "texture": "#1"}
			}
		},
		{
			"from": [11, 18, 6.255],
			"to": [16.65685, 21, 7.245],
			"rotation": {"angle": 45, "axis": "z", "origin": [11, 18, 6.75]},
			"faces": {
				"north": {"uv": [6, 0, 7.5, 1], "texture": "#1"},
				"east": {"uv": [3.25, 7, 3.5, 8], "texture": "#1"},
				"south": {"uv": [6, 1, 7.5, 2], "texture": "#1"},
				"west": {"uv": [4.75, 7, 5, 8], "texture": "#1"},
				"up": {"uv": [1.5, 7.25, 0, 7], "texture": "#1"},
				"down": {"uv": [3, 7, 1.5, 7.25], "texture": "#1"}
			}
		},
		{
			"from": [11, 29, 6.255],
			"to": [16.65685, 32, 7.245],
			"rotation": {"angle": -45, "axis": "z", "origin": [11, 32, 6.75]},
			"faces": {
				"north": {"uv": [4.5, 2, 6, 3], "texture": "#1"},
				"east": {"uv": [5.25, 6, 5.5, 7], "texture": "#1"},
				"south": {"uv": [4.5, 3, 6, 4], "texture": "#1"},
				"west": {"uv": [5.5, 6, 5.75, 7], "texture": "#1"},
				"up": {"uv": [7.75, 6.25, 6.25, 6], "texture": "#1"},
				"down": {"uv": [7.75, 6.25, 6.25, 6.5], "texture": "#1"}
			}
		},
		{
			"from": [-0.65685, 29, 6.255],
			"to": [5, 32, 7.245],
			"rotation": {"angle": 45, "axis": "z", "origin": [5, 32, 6.75]},
			"faces": {
				"north": {"uv": [4.5, 4, 6, 5], "texture": "#1"},
				"east": {"uv": [5.75, 6, 6, 7], "texture": "#1"},
				"south": {"uv": [4.5, 5, 6, 6], "texture": "#1"},
				"west": {"uv": [3, 7, 3.25, 8], "texture": "#1"},
				"up": {"uv": [7.75, 6.75, 6.25, 6.5], "texture": "#1"},
				"down": {"uv": [7.75, 6.75, 6.25, 7], "texture": "#1"}
			}
		},
		{
			"from": [-0.65685, 18, 6.255],
			"to": [5, 21, 7.245],
			"rotation": {"angle": -45, "axis": "z", "origin": [5, 18, 6.75]},
			"faces": {
				"north": {"uv": [4.5, 0, 6, 1], "texture": "#1"},
				"east": {"uv": [4.75, 6, 5, 7], "texture": "#1"},
				"south": {"uv": [4.5, 1, 6, 2], "texture": "#1"},
				"west": {"uv": [5, 6, 5.25, 7], "texture": "#1"},
				"up": {"uv": [7.75, 5.75, 6.25, 5.5], "texture": "#1"},
				"down": {"uv": [7.75, 5.75, 6.25, 6], "texture": "#1"}
			}
		}
	],
	"display": {
		"fixed": {
			"rotation": [-90, 0, 0],
			"translation": [0, 0, -36],
			"scale": [2, 2, 2]
		}
	},
	"groups": [
		0,
		{
			"name": "sign",
			"origin": [5, 18, 6.5],
			"color": 0,
			"children": [
				{
					"name": "main",
					"origin": [0, 0, 0],
					"color": 0,
					"children": [1]
				},
				{
					"name": "conn",
					"origin": [5, 18, 6.5],
					"color": 0,
					"children": [2, 3, 4, 5]
				},
				6,
				7,
				8,
				9
			]
		}
	]
}