{
	"credit": "Made with Blockbench",
	"textures": {
		"1": "item/decore/furniture/snowglobe/texture2",
		"3": "item/decore/furniture/snowglobe/texture1",
		"particle": "item/decore/furniture/snowglobe/texture2"
	},
	"elements": [
		{
			"from": [7, 1.5, 7],
			"to": [9, 3.5, 9],
			"rotation": {"angle": 0, "axis": "y", "origin": [8, 3.66667, 8]},
			"faces": {
				"north": {"uv": [1.5, 14.5, 2.5, 15.5], "texture": "#3"},
				"east": {"uv": [2.5, 14.5, 3.5, 15.5], "texture": "#3"},
				"south": {"uv": [3.5, 14.5, 4.5, 15.5], "texture": "#3"},
				"west": {"uv": [4.5, 14.5, 5.5, 15.5], "texture": "#3"},
				"up": {"uv": [6.5, 15.5, 5.5, 14.5], "texture": "#3"},
				"down": {"uv": [7.5, 14.5, 6.5, 15.5], "texture": "#3"}
			}
		},
		{
			"from": [7.5, 3.5, 7.5],
			"to": [8.5, 4.5, 8.5],
			"rotation": {"angle": 0, "axis": "y", "origin": [8, 3.66667, 8]},
			"faces": {
				"north": {"uv": [4.5, 13, 5, 13.5], "texture": "#3"},
				"east": {"uv": [5, 13, 5.5, 13.5], "texture": "#3"},
				"south": {"uv": [10.5, 13, 11, 13.5], "texture": "#3"},
				"west": {"uv": [11, 13, 11.5, 13.5], "texture": "#3"},
				"up": {"uv": [4.5, 14.5, 4, 14], "texture": "#3"},
				"down": {"uv": [8, 14.5, 7.5, 15], "texture": "#3"}
			}
		},
		{
			"from": [8, 3, 5.5],
			"to": [8, 9, 10.5],
			"rotation": {"angle": 45, "axis": "y", "origin": [8, 4.16667, 8]},
			"faces": {
				"north": {"uv": [0, 0, 0, 3], "texture": "#3"},
				"east": {"uv": [7.5, 3, 10, 6], "texture": "#3"},
				"south": {"uv": [0, 0, 0, 3], "texture": "#3"},
				"west": {"uv": [7.5, 6, 10, 9], "texture": "#3"},
				"up": {"uv": [0, 2.5, 0, 0], "texture": "#3"},
				"down": {"uv": [0, 0, 0, 2.5], "texture": "#3"}
			}
		},
		{
			"from": [5.5, 2.5, 8],
			"to": [10.5, 8.5, 8],
			"rotation": {"angle": 0, "axis": "y", "origin": [8, 4.16667, 8]},
			"faces": {
				"north": {"uv": [5, 0, 7.5, 3], "texture": "#3"},
				"east": {"uv": [0, 0, 0, 3], "texture": "#3"},
				"south": {"uv": [5, 3, 7.5, 6], "texture": "#3"},
				"west": {"uv": [0, 0, 0, 3], "texture": "#3"},
				"up": {"uv": [2.5, 0, 0, 0], "texture": "#3"},
				"down": {"uv": [2.5, 0, 0, 0], "texture": "#3"}
			}
		},
		{
			"from": [8, 2.5, 5.5],
			"to": [8, 8.5, 10.5],
			"rotation": {"angle": -45, "axis": "y", "origin": [8, 4.16667, 8]},
			"faces": {
				"north": {"uv": [0, 0, 0, 3], "texture": "#3"},
				"east": {"uv": [0, 6, 2.5, 9], "texture": "#3"},
				"south": {"uv": [0, 0, 0, 3], "texture": "#3"},
				"west": {"uv": [2.5, 6, 5, 9], "texture": "#3"},
				"up": {"uv": [0, 2.5, 0, 0], "texture": "#3"},
				"down": {"uv": [0, 0, 0, 2.5], "texture": "#3"}
			}
		},
		{
			"from": [8, 2.5, 5.5],
			"to": [8, 8.5, 10.5],
			"rotation": {"angle": 0, "axis": "y", "origin": [8, 4.16667, 8]},
			"faces": {
				"north": {"uv": [0, 0, 0, 3], "texture": "#3"},
				"east": {"uv": [5, 6, 7.5, 9], "texture": "#3"},
				"south": {"uv": [0, 0, 0, 3], "texture": "#3"},
				"west": {"uv": [7.5, 0, 10, 3], "texture": "#3"},
				"up": {"uv": [0, 2.5, 0, 0], "texture": "#3"},
				"down": {"uv": [0, 0, 0, 2.5], "texture": "#3"}
			}
		},
		{
			"from": [5.5, 2, 5.5],
			"to": [10.5, 8, 10.5],
			"rotation": {"angle": 0, "axis": "y", "origin": [8, 6.75, 8]},
			"faces": {
				"north": {"uv": [0, 0, 5, 6], "texture": "#1"},
				"east": {"uv": [5, 0, 10, 6], "texture": "#1"},
				"south": {"uv": [0, 6, 5, 12], "texture": "#1"},
				"west": {"uv": [5, 6, 10, 12], "texture": "#1"},
				"up": {"uv": [15, 5, 10, 0], "texture": "#1"},
				"down": {"uv": [15, 5, 10, 10], "texture": "#1"}
			}
		},
		{
			"from": [6, 8, 6],
			"to": [10, 9, 10],
			"rotation": {"angle": 0, "axis": "y", "origin": [8, 6.75, 8]},
			"faces": {
				"north": {"uv": [4, 12, 8, 13], "texture": "#1"},
				"east": {"uv": [4, 13, 8, 14], "texture": "#1"},
				"south": {"uv": [4, 14, 8, 15], "texture": "#1"},
				"west": {"uv": [8, 14, 12, 15], "texture": "#1"},
				"up": {"uv": [14, 14, 10, 10], "texture": "#1"},
				"down": {"uv": [4, 12, 0, 16], "texture": "#1"}
			}
		},
		{
			"name": "octagon",
			"from": [6.34315, 0, 4],
			"to": [9.65685, 2, 12],
			"rotation": {"angle": 45, "axis": "y", "origin": [8, 0.5, 8]},
			"faces": {
				"north": {"uv": [1.5, 13, 3, 14], "texture": "#3"},
				"east": {"uv": [11.5, 6.5, 15.5, 7.5], "texture": "#3"},
				"south": {"uv": [3, 13, 4.5, 14], "texture": "#3"},
				"west": {"uv": [11.5, 7.5, 15.5, 8.5], "texture": "#3"},
				"up": {"uv": [11.5, 4, 10, 0], "texture": "#3"},
				"down": {"uv": [11.5, 4, 10, 8], "texture": "#3"}
			}
		},
		{
			"name": "octagon",
			"from": [6.34315, 0, 4],
			"to": [9.65685, 2, 12],
			"rotation": {"angle": 0, "axis": "y", "origin": [8, 0.5, 8]},
			"faces": {
				"north": {"uv": [7.5, 13, 9, 14], "texture": "#3"},
				"east": {"uv": [11.5, 8.5, 15.5, 9.5], "texture": "#3"},
				"south": {"uv": [9, 13, 10.5, 14], "texture": "#3"},
				"west": {"uv": [11.5, 9.5, 15.5, 10.5], "texture": "#3"},
				"up": {"uv": [11.5, 12, 10, 8], "texture": "#3"},
				"down": {"uv": [1.5, 11.5, 0, 15.5], "texture": "#3"}
			}
		},
		{
			"name": "octagon",
			"from": [4, 0, 6.34315],
			"to": [12, 2, 9.65685],
			"rotation": {"angle": 45, "axis": "y", "origin": [8, 0.5, 8]},
			"faces": {
				"north": {"uv": [11.5, 10.5, 15.5, 11.5], "texture": "#3"},
				"east": {"uv": [4.5, 13.5, 6, 14.5], "texture": "#3"},
				"south": {"uv": [11.5, 11.5, 15.5, 12.5], "texture": "#3"},
				"west": {"uv": [13.5, 4.5, 15, 5.5], "texture": "#3"},
				"up": {"uv": [15.5, 1.5, 11.5, 0], "texture": "#3"},
				"down": {"uv": [5.5, 11.5, 1.5, 13], "texture": "#3"}
			}
		},
		{
			"name": "octagon",
			"from": [4, 0, 6.34315],
			"to": [12, 2, 9.65685],
			"rotation": {"angle": 0, "axis": "y", "origin": [8, 0.5, 8]},
			"faces": {
				"north": {"uv": [7.5, 12, 11.5, 13], "texture": "#3"},
				"east": {"uv": [13.5, 5.5, 15, 6.5], "texture": "#3"},
				"south": {"uv": [11.5, 12.5, 15.5, 13.5], "texture": "#3"},
				"west": {"uv": [6, 13.5, 7.5, 14.5], "texture": "#3"},
				"up": {"uv": [15.5, 3, 11.5, 1.5], "texture": "#3"},
				"down": {"uv": [15.5, 3, 11.5, 4.5], "texture": "#3"}
			}
		},
		{
			"from": [5.5125, 2.0025, 5.5125],
			"to": [10.4875, 2.9975, 10.4875],
			"rotation": {"angle": 0, "axis": "y", "origin": [8, 2.5, 8]},
			"faces": {
				"north": {"uv": [7.5, 11.5, 10, 12], "texture": "#3"},
				"east": {"uv": [10.5, 13.5, 13, 14], "texture": "#3"},
				"south": {"uv": [13, 13.5, 15.5, 14], "texture": "#3"},
				"west": {"uv": [1.5, 14, 4, 14.5], "texture": "#3"},
				"up": {"uv": [7.5, 11.5, 5, 9], "texture": "#3"},
				"down": {"uv": [10, 9, 7.5, 11.5], "texture": "#3"}
			}
		}
	],
	"display": {
		"fixed": {
			"rotation": [-90, 0, 0],
			"translation": [0, 0, -16],
			"scale": [2, 2, 2]
		}
	},
	"groups": [
		{
			"name": "group2",
			"origin": [8, 6.75, 8],
			"color": 0,
			"children": [
				{
					"name": "group3",
					"origin": [8, 8, 8],
					"color": 0,
					"children": [
						0,
						1,
						{
							"name": "group4",
							"origin": [8, 3.66667, 8],
							"color": 0,
							"children": [2, 3, 4, 5]
						}
					]
				},
				{
					"name": "group",
					"origin": [8, 1.5, 8],
					"color": 0,
					"children": [6, 7]
				},
				{
					"name": "octagon",
					"origin": [8, 8, 8],
					"color": 0,
					"children": [8, 9, 10, 11]
				},
				12
			]
		}
	]
}