{
	"credit": "Made with Blockbench",
	"texture_size": [64, 64],
	"textures": {
		"1": "item/decore/furniture/chaise/02"
	},
	"elements": [
		{
			"from": [0.5, 3, 1],
			"to": [15.5, 9, 15],
			"rotation": {"angle": 0, "axis": "y", "origin": [1, 4, 12]},
			"faces": {
				"north": {"uv": [3.75, 7, 7.5, 8.5], "texture": "#1"},
				"east": {"uv": [7.5, 0, 11, 1.5], "texture": "#1"},
				"south": {"uv": [0, 7.5, 3.75, 9], "texture": "#1"},
				"west": {"uv": [7.5, 1.5, 11, 3], "texture": "#1"},
				"up": {"uv": [7.5, 3.5, 3.75, 0], "texture": "#1"},
				"down": {"uv": [7.5, 3.5, 3.75, 7], "texture": "#1"}
			}
		},
		{
			"from": [0.5, 1, 15],
			"to": [15.5, 3, 15],
			"rotation": {"angle": 0, "axis": "y", "origin": [1, 3, 13]},
			"faces": {
				"north": {"uv": [10, 9.5, 13.75, 10], "texture": "#1"},
				"east": {"uv": [0, 0, 0, 0.5], "texture": "#1"},
				"south": {"uv": [10, 10, 13.75, 10.5], "texture": "#1"},
				"west": {"uv": [0, 0, 0, 0.5], "texture": "#1"},
				"up": {"uv": [3.75, 0, 0, 0], "texture": "#1"},
				"down": {"uv": [3.75, 0, 0, 0], "texture": "#1"}
			}
		},
		{
			"from": [12, 0, 12],
			"to": [14, 3, 14],
			"rotation": {"angle": 22.5, "axis": "y", "origin": [13, 1.5, 13]},
			"faces": {
				"north": {"uv": [1.25, 9, 1.75, 9.75], "texture": "#1"},
				"east": {"uv": [1.75, 9, 2.25, 9.75], "texture": "#1"},
				"south": {"uv": [2.25, 9, 2.75, 9.75], "texture": "#1"},
				"west": {"uv": [2.75, 9, 3.25, 9.75], "texture": "#1"},
				"up": {"uv": [6.5, 11.5, 6, 11], "texture": "#1"},
				"down": {"uv": [11.75, 6.75, 11.25, 7.25], "texture": "#1"}
			}
		},
		{
			"from": [2, 0, 12],
			"to": [4, 3, 14],
			"rotation": {"angle": -22.5, "axis": "y", "origin": [3, 1.5, 13]},
			"faces": {
				"north": {"uv": [3.25, 9, 3.75, 9.75], "texture": "#1"},
				"east": {"uv": [6.75, 9.75, 7.25, 10.5], "texture": "#1"},
				"south": {"uv": [8, 10.5, 8.5, 11.25], "texture": "#1"},
				"west": {"uv": [11, 1.25, 11.5, 2], "texture": "#1"},
				"up": {"uv": [11.75, 7.75, 11.25, 7.25], "texture": "#1"},
				"down": {"uv": [11.75, 7.75, 11.25, 8.25], "texture": "#1"}
			}
		},
		{
			"from": [12, 0, 2],
			"to": [14, 3, 4],
			"rotation": {"angle": -22.5, "axis": "y", "origin": [13, 1.5, 3]},
			"faces": {
				"north": {"uv": [11, 2, 11.5, 2.75], "texture": "#1"},
				"east": {"uv": [2.5, 11, 3, 11.75], "texture": "#1"},
				"south": {"uv": [3, 11, 3.5, 11.75], "texture": "#1"},
				"west": {"uv": [3.5, 11, 4, 11.75], "texture": "#1"},
				"up": {"uv": [8.5, 11.75, 8, 11.25], "texture": "#1"},
				"down": {"uv": [11.75, 8.25, 11.25, 8.75], "texture": "#1"}
			}
		},
		{
			"from": [2, 0, 2],
			"to": [4, 3, 4],
			"rotation": {"angle": 22.5, "axis": "y", "origin": [3, 1.5, 3]},
			"faces": {
				"north": {"uv": [4, 11, 4.5, 11.75], "texture": "#1"},
				"east": {"uv": [4.5, 11, 5, 11.75], "texture": "#1"},
				"south": {"uv": [5, 11, 5.5, 11.75], "texture": "#1"},
				"west": {"uv": [5.5, 11, 6, 11.75], "texture": "#1"},
				"up": {"uv": [11.75, 9.25, 11.25, 8.75], "texture": "#1"},
				"down": {"uv": [11.75, 10.5, 11.25, 11], "texture": "#1"}
			}
		},
		{
			"from": [0.5, 9, 1],
			"to": [15.5, 24, 6],
			"rotation": {"angle": -22.5, "axis": "x", "origin": [8, 9, 6]},
			"faces": {
				"north": {"uv": [0, 0, 3.75, 3.75], "texture": "#1"},
				"east": {"uv": [7.5, 3, 8.75, 6.75], "texture": "#1"},
				"south": {"uv": [0, 3.75, 3.75, 7.5], "texture": "#1"},
				"west": {"uv": [7.5, 6.75, 8.75, 10.5], "texture": "#1"},
				"up": {"uv": [7.5, 9.75, 3.75, 8.5], "texture": "#1"},
				"down": {"uv": [12.5, 3, 8.75, 4.25], "texture": "#1"}
			}
		},
		{
			"from": [-2, 7, 1],
			"to": [3, 12, 14],
			"rotation": {"angle": 22.5, "axis": "z", "origin": [0.5, 9.5, 6.5]},
			"faces": {
				"north": {"uv": [6.75, 10.5, 8, 11.75], "texture": "#1"},
				"east": {"uv": [8.75, 4.25, 12, 5.5], "texture": "#1"},
				"south": {"uv": [10, 10.5, 11.25, 11.75], "texture": "#1"},
				"west": {"uv": [8.75, 5.5, 12, 6.75], "texture": "#1"},
				"up": {"uv": [10, 10, 8.75, 6.75], "texture": "#1"},
				"down": {"uv": [1.25, 9, 0, 12.25], "texture": "#1"}
			}
		},
		{
			"from": [13, 7, 3],
			"to": [18, 12, 14],
			"rotation": {"angle": -22.5, "axis": "z", "origin": [15.5, 9.5, 8.5]},
			"faces": {
				"north": {"uv": [11, 0, 12.25, 1.25], "texture": "#1"},
				"east": {"uv": [1.25, 9.75, 4, 11], "texture": "#1"},
				"south": {"uv": [1.25, 11, 2.5, 12.25], "texture": "#1"},
				"west": {"uv": [4, 9.75, 6.75, 11], "texture": "#1"},
				"up": {"uv": [11.25, 9.5, 10, 6.75], "texture": "#1"},
				"down": {"uv": [10, 10, 8.75, 12.75], "texture": "#1"}
			}
		}
	],
	"display": {
		"head": {
			"translation": [0, -29, 0],
			"scale": [1.6, 1.6, 1.6]
		},
		"fixed": {
			"rotation": [-90, 4.5, 0],
			"translation": [0, 0, -16],
			"scale": [2, 2, 2]
		}
	},
	"groups": [
		{
			"name": "group",
			"origin": [2, 0, 15],
			"color": 0,
			"children": [
				0,
				1,
				{
					"name": "group",
					"origin": [5, 1.5, 14.5],
					"color": 0,
					"children": [2, 3]
				},
				{
					"name": "group",
					"origin": [5, 1.5, 14.5],
					"color": 0,
					"children": [4, 5]
				},
				6,
				7,
				8
			]
		}
	]
}