{
	"credit": "Made with Blockbench",
	"textures": {
		"0": "item/decore/panneau/studio2",
		"particle": "item/decore/panneau/studio2"
	},
	"elements": [
		{
			"from": [-12, 0, 7],
			"to": [28, 16, 8],
			"faces": {
				"north": {"uv": [0, 16, 0, 16], "texture": "#0"},
				"east": {"uv": [0, 0, 0.30966, 15.91257], "texture": "#0"},
				"south": {"uv": [0, 0, 16, 16], "texture": "#0"},
				"west": {"uv": [0.32058, 0, 0, 16], "texture": "#0"},
				"up": {"uv": [0, 0, 15.91257, 0.83425], "texture": "#0"},
				"down": {"uv": [0, 0, 16, 0.83425], "texture": "#0"}
			}
		}
	],
	"display": {
		"thirdperson_righthand": {
			"rotation": [180, 0, 180],
			"translation": [-6, 14.25, 0],
			"scale": [2, 2, 2]
		},
		"firstperson_righthand": {
			"rotation": [0, 0, -59],
			"translation": [2.25, 2.5, 0],
			"scale": [0.25, 0.25, 0.25]
		},
		"gui": {
			"scale": [0.34961, 0.40625, 1]
		}
	}
}