{
	"credit": "Made with Blockbench",
	"textures": {
		"0": "item/decore/panneau/studiotheater",
		"particle": "item/decore/panneau/studiotheater"
	},
	"elements": [
		{
			"from": [-16, 0, 8],
			"to": [32, 24, 9],
			"faces": {
				"north": {"uv": [0, 0, 16, 16], "texture": "#0"},
				"east": {"uv": [0, 0, 0.2, 16], "texture": "#0"},
				"south": {"uv": [0, 15.42, 16, 16], "texture": "#0"},
				"west": {"uv": [0, 0, 0.26, 16], "texture": "#0"},
				"up": {"uv": [0, 0, 16, 0.56], "texture": "#0"},
				"down": {"uv": [0, 0, 16, 0.56], "texture": "#0"}
			}
		}
	],
	"display": {
		"thirdperson_righthand": {
			"translation": [0, 0, -0.25],
			"scale": [2, 2, 2]
		},
		"thirdperson_lefthand": {
			"rotation": [1, 1, 1]
		},
		"firstperson_righthand": {
			"rotation": [172.13, 1.13, 80.78],
			"translation": [2.75, 3.75, 0],
			"scale": [0.25, 0.25, 0.25]
		},
		"firstperson_lefthand": {
			"rotation": [-180, 0, -110.25],
			"translation": [0, 3.75, 0],
			"scale": [0.25, 0.25, 0.25]
		},
		"ground": {
			"scale": [0.50781, 0.29297, 1]
		},
		"gui": {
			"translation": [0, -2, 0],
			"scale": [0.29297, 0.26758, 1]
		},
		"fixed": {
			"scale": [0.37305, 0.39063, 1]
		}
	}
}