{
  "parent": "minecraft:item/handheld",
  "textures": {
    "layer0": "minecraft:item/diamond_sword"
  },
  "overrides": [
    {"predicate": {"custom_model_data": 1},"model": "item/decore/barriere/barriere"},
    {"predicate": {"custom_model_data": 2},"model": "item/decore/barriere/barrierstudio2"},
    {"predicate": {"custom_model_data": 3},"model": "item/decore/barriere/barrierstudio2,1"},
    {"predicate": {"custom_model_data": 4},"model": "item/decore/barriere/barrierstudio2,2"},
    {"predicate": {"custom_model_data": 5},"model": "item/decore/panneau/studiotheater"},
    {"predicate": {"custom_model_data": 6},"model": "item/decore/panneau/panneaustudio2"},
    {"predicate": {"custom_model_data": 7},"model": "item/decore/lampe/lumiere"},
    {"predicate": {"custom_model_data": 8},"model": "item/decore/lampe/lumiere2"}
  ]
}