{
  "parent": "minecraft:item/handheld",
  "textures": {
    "layer0": "minecraft:item/iron_sword"
  },
  "overrides": [
    {"predicate": {"custom_model_data": 1},"model": "item/decore/furniture/air_conditioner_unit"},
    {"predicate": {"custom_model_data": 2},"model": "item/decore/furniture/burger"},
    {"predicate": {"custom_model_data": 3},"model": "item/decore/furniture/burreau"},
    {"predicate": {"custom_model_data": 4},"model": "item/decore/furniture/cannette/cannettebleu"},
    {"predicate": {"custom_model_data": 5},"model": "item/decore/furniture/cannette/cannetteorange"},
    {"predicate": {"custom_model_data": 6},"model": "item/decore/furniture/cannette/cannetterouge"},
    {"predicate": {"custom_model_data": 7},"model": "item/decore/furniture/cannette/cannettevert"},
    {"predicate": {"custom_model_data": 8},"model": "item/decore/furniture/cctv_camera"},
    {"predicate": {"custom_model_data": 9},"model": "item/decore/furniture/chaise"},
    {"predicate": {"custom_model_data": 10},"model": "item/decore/furniture/chaise2"},
    {"predicate": {"custom_model_data": 11},"model": "item/decore/furniture/chaise3"},
    {"predicate": {"custom_model_data": 12},"model": "item/decore/furniture/easel"},
    {"predicate": {"custom_model_data": 13},"model": "item/decore/furniture/mirror"},
    {"predicate": {"custom_model_data": 14},"model": "item/decore/furniture/pc"},
    {"predicate": {"custom_model_data": 15},"model": "item/decore/furniture/phonograph"},
    {"predicate": {"custom_model_data": 16},"model": "item/decore/furniture/sign_0"},
    {"predicate": {"custom_model_data": 17},"model": "item/decore/furniture/sign_1"},
    {"predicate": {"custom_model_data": 18},"model": "item/decore/furniture/sign_2"},
    {"predicate": {"custom_model_data": 19},"model": "item/decore/furniture/sign_3"},
    {"predicate": {"custom_model_data": 20},"model": "item/decore/furniture/snowglobe"},
    {"predicate": {"custom_model_data": 21},"model": "item/decore/furniture/sofa"},
    {"predicate": {"custom_model_data": 22},"model": "item/decore/furniture/stool"},
    {"predicate": {"custom_model_data": 23},"model": "item/decore/furniture/table_26x26"},
    {"predicate": {"custom_model_data": 24},"model": "item/decore/furniture/table_28x28"},
    {"predicate": {"custom_model_data": 25},"model": "item/decore/furniture/vase"},
    {"predicate": {"custom_model_data": 26},"model": "item/decore/furniture/tableau_elec1"}
  ]
}