{
	"credit": "Made with Blockbench",
	"textures": {
		"0": "item/decore/barriere/texture",
		"1": "item/decore/barriere/vert fonçé",
		"particle": "item/texture"
	},
	"elements": [
		{
			"from": [15.5, 0, 7.25],
			"to": [16.2, 17, 8.35],
			"faces": {
				"north": {"uv": [0, 0, 0.5, 9], "texture": "#0"},
				"east": {"uv": [0, 0, 0.5, 9], "texture": "#0"},
				"south": {"uv": [0, 0, 0.5, 9], "texture": "#0"},
				"west": {"uv": [0, 0, 0.5, 9], "texture": "#0"},
				"up": {"uv": [0, 0, 0.5, 0.5], "texture": "#0"},
				"down": {"uv": [0, 0, 0.5, 0.5], "texture": "#0"}
			}
		},
		{
			"from": [0.5, 15.5, 7.25],
			"to": [15.5, 16.4, 8.35],
			"faces": {
				"north": {"uv": [0, 0, 15, 0.5], "texture": "#0"},
				"east": {"uv": [0, 0, 0.5, 0.5], "texture": "#0"},
				"south": {"uv": [0, 0, 15, 0.5], "texture": "#0"},
				"west": {"uv": [0, 0, 0.5, 0.5], "texture": "#0"},
				"up": {"uv": [0, 0, 15, 0.5], "texture": "#0"},
				"down": {"uv": [0, 0, 15, 0.5], "texture": "#0"}
			}
		},
		{
			"from": [-0.2, 0, 7.25],
			"to": [0.5, 17, 8.35],
			"faces": {
				"north": {"uv": [0, 0, 0.5, 9], "texture": "#0"},
				"east": {"uv": [0, 0, 0.5, 9], "texture": "#0"},
				"south": {"uv": [0, 0, 0.5, 9], "texture": "#0"},
				"west": {"uv": [0, 0, 0.5, 9], "texture": "#0"},
				"up": {"uv": [0, 0, 0.5, 0.5], "texture": "#0"},
				"down": {"uv": [0, 0, 0.5, 0.5], "texture": "#0"}
			}
		},
		{
			"from": [0.5, 1, 7.25],
			"to": [15.5, 2, 8.35],
			"faces": {
				"north": {"uv": [0, 0, 15, 0.5], "texture": "#0"},
				"east": {"uv": [0, 0, 0.5, 0.5], "texture": "#0"},
				"south": {"uv": [0, 0, 15, 0.5], "texture": "#0"},
				"west": {"uv": [0, 0, 0.5, 0.5], "texture": "#0"},
				"up": {"uv": [0, 0, 15, 0.5], "texture": "#0"},
				"down": {"uv": [0, 0, 15, 0.5], "texture": "#0"}
			}
		},
		{
			"from": [0.5, 11.9, 7.25],
			"to": [15.5, 12.8, 8.35],
			"faces": {
				"north": {"uv": [0, 0, 15, 0.5], "texture": "#0"},
				"east": {"uv": [0, 0, 0.5, 0.5], "texture": "#0"},
				"south": {"uv": [0, 0, 15, 0.5], "texture": "#0"},
				"west": {"uv": [0, 0, 0.5, 0.5], "texture": "#0"},
				"up": {"uv": [0, 0, 15, 0.5], "texture": "#0"},
				"down": {"uv": [0, 0, 15, 0.5], "texture": "#0"}
			}
		},
		{
			"from": [6.8, 1, 7.625],
			"to": [7.25, 12.5, 7.975],
			"faces": {
				"north": {"uv": [0, 0, 0.25, 6], "texture": "#0"},
				"east": {"uv": [0, 0, 0.25, 6], "texture": "#0"},
				"south": {"uv": [0, 0, 0.25, 6], "texture": "#0"},
				"west": {"uv": [0, 0, 0.25, 6], "texture": "#0"},
				"up": {"uv": [0, 0, 0.25, 0.25], "texture": "#0"},
				"down": {"uv": [0, 0, 0.25, 0.25], "texture": "#0"}
			}
		},
		{
			"from": [4.8, 1, 7.625],
			"to": [5.25, 16, 7.975],
			"faces": {
				"north": {"uv": [0, 0, 0.25, 8], "texture": "#1"},
				"east": {"uv": [0, 0, 0.25, 8], "texture": "#1"},
				"south": {"uv": [0, 0, 0.25, 8], "texture": "#1"},
				"west": {"uv": [0, 0, 0.25, 8], "texture": "#1"},
				"up": {"uv": [0, 0, 0.25, 0.25], "texture": "#1"},
				"down": {"uv": [0, 0, 0.25, 0.25], "texture": "#1"}
			}
		},
		{
			"from": [0.125, 9.8, 7.375],
			"to": [0.375, 17.05, 8.225],
			"faces": {
				"north": {"uv": [0, 0, 0.25, 0.25], "texture": "#0"},
				"east": {"uv": [0, 0, 0.25, 0.25], "texture": "#0"},
				"south": {"uv": [0, 0, 0.25, 0.25], "texture": "#0"},
				"west": {"uv": [0, 0, 0.25, 0.25], "texture": "#0"},
				"up": {"uv": [0, 0, 0.25, 0.25], "texture": "#0"},
				"down": {"uv": [0, 0, 0.25, 0.25], "texture": "#0"}
			}
		},
		{
			"from": [0.225, 9.9, 7.475],
			"to": [0.275, 17.1, 8.125],
			"faces": {
				"north": {"uv": [0, 0, 0.25, 0.25], "texture": "#0"},
				"east": {"uv": [0, 0, 0.25, 0.25], "texture": "#0"},
				"south": {"uv": [0, 0, 0.25, 0.25], "texture": "#0"},
				"west": {"uv": [0, 0, 0.25, 0.25], "texture": "#0"},
				"up": {"uv": [0, 0, 0.25, 0.25], "texture": "#0"},
				"down": {"uv": [0, 0, 0.25, 0.25], "texture": "#0"}
			}
		},
		{
			"from": [15.725, 9.9, 7.475],
			"to": [15.775, 17.1, 8.125],
			"faces": {
				"north": {"uv": [0, 0, 0.25, 0.25], "texture": "#0"},
				"east": {"uv": [0, 0, 0.25, 0.25], "texture": "#0"},
				"south": {"uv": [0, 0, 0.25, 0.25], "texture": "#0"},
				"west": {"uv": [0, 0, 0.25, 0.25], "texture": "#0"},
				"up": {"uv": [0, 0, 0.25, 0.25], "texture": "#0"},
				"down": {"uv": [0, 0, 0.25, 0.25], "texture": "#0"}
			}
		},
		{
			"from": [2.8, 1, 7.625],
			"to": [3.25, 12.5, 7.975],
			"faces": {
				"north": {"uv": [0, 0, 0.25, 6], "texture": "#0"},
				"east": {"uv": [0, 0, 0.25, 6], "texture": "#0"},
				"south": {"uv": [0, 0, 0.25, 6], "texture": "#0"},
				"west": {"uv": [0, 0, 0.25, 6], "texture": "#0"},
				"up": {"uv": [0, 0, 0.25, 0.25], "texture": "#0"},
				"down": {"uv": [0, 0, 0.25, 0.25], "texture": "#0"}
			}
		},
		{
			"from": [0.8, 1, 7.625],
			"to": [1.25, 16, 7.975],
			"faces": {
				"north": {"uv": [0, 0, 0.25, 8], "texture": "#1"},
				"east": {"uv": [0, 0, 0.25, 8], "texture": "#1"},
				"south": {"uv": [0, 0, 0.25, 8], "texture": "#1"},
				"west": {"uv": [0, 0, 0.25, 8], "texture": "#1"},
				"up": {"uv": [0, 0, 0.25, 0.25], "texture": "#1"},
				"down": {"uv": [0, 0, 0.25, 0.25], "texture": "#1"}
			}
		},
		{
			"from": [15.625, 9.8, 7.375],
			"to": [15.875, 17.05, 8.225],
			"faces": {
				"north": {"uv": [0, 0, 0.25, 0.25], "texture": "#0"},
				"east": {"uv": [0, 0, 0.25, 0.25], "texture": "#0"},
				"south": {"uv": [0, 0, 0.25, 0.25], "texture": "#0"},
				"west": {"uv": [0, 0, 0.25, 0.25], "texture": "#0"},
				"up": {"uv": [0, 0, 0.25, 0.25], "texture": "#0"},
				"down": {"uv": [0, 0, 0.25, 0.25], "texture": "#0"}
			}
		},
		{
			"from": [10.8, 1, 7.625],
			"to": [11.25, 12.5, 7.975],
			"faces": {
				"north": {"uv": [0, 0, 0.25, 6], "texture": "#0"},
				"east": {"uv": [0, 0, 0.25, 6], "texture": "#0"},
				"south": {"uv": [0, 0, 0.25, 6], "texture": "#0"},
				"west": {"uv": [0, 0, 0.25, 6], "texture": "#0"},
				"up": {"uv": [0, 0, 0.25, 0.25], "texture": "#0"},
				"down": {"uv": [0, 0, 0.25, 0.25], "texture": "#0"}
			}
		},
		{
			"from": [14.8, 1, 7.625],
			"to": [15.25, 12.5, 7.975],
			"faces": {
				"north": {"uv": [0, 0, 0.25, 6], "texture": "#0"},
				"east": {"uv": [0, 0, 0.25, 6], "texture": "#0"},
				"south": {"uv": [0, 0, 0.25, 6], "texture": "#0"},
				"west": {"uv": [0, 0, 0.25, 6], "texture": "#0"},
				"up": {"uv": [0, 0, 0.25, 0.25], "texture": "#0"},
				"down": {"uv": [0, 0, 0.25, 0.25], "texture": "#0"}
			}
		},
		{
			"from": [12.8, 1, 7.625],
			"to": [13.25, 16, 7.975],
			"faces": {
				"north": {"uv": [0, 0, 0.25, 8], "texture": "#1"},
				"east": {"uv": [0, 0, 0.25, 8], "texture": "#1"},
				"south": {"uv": [0, 0, 0.25, 8], "texture": "#1"},
				"west": {"uv": [0, 0, 0.25, 8], "texture": "#1"},
				"up": {"uv": [0, 0, 0.25, 0.25], "texture": "#1"},
				"down": {"uv": [0, 0, 0.25, 0.25], "texture": "#1"}
			}
		},
		{
			"from": [8.8, 1, 7.625],
			"to": [9.25, 16, 7.975],
			"faces": {
				"north": {"uv": [0, 0, 0.25, 8], "texture": "#1"},
				"east": {"uv": [0, 0, 0.25, 8], "texture": "#1"},
				"south": {"uv": [0, 0, 0.25, 8], "texture": "#1"},
				"west": {"uv": [0, 0, 0.25, 8], "texture": "#1"},
				"up": {"uv": [0, 0, 0.25, 0.25], "texture": "#1"},
				"down": {"uv": [0, 0, 0.25, 0.25], "texture": "#1"}
			}
		}
	],
	"display": {
		"firstperson_righthand": {
			"rotation": [0, -66.75, 0]
		},
		"firstperson_lefthand": {
			"rotation": [0, -66.75, 0]
		},
		"gui": {
			"translation": [0, 3.5, 0]
		},
		"fixed": {
			"rotation": [-90, 0, 0],
			"translation": [0, 0, -16],
			"scale": [2, 2, 2]
		}
	},
	"groups": [
		{
			"name": "barrier",
			"origin": [0, 0, 0],
			"color": 0,
			"children": [0, 1, 2, 3, 4, 5, 6, 7, 8, 9, 10, 11, 12, 13, 14, 15, 16]
		}
	]
}