{
	"credit": "Made with Blockbench",
	"textures": {
		"0": "item/lumiére",
		"1": "item/Noire",
		"particle": "item/lumiére"
	},
	"elements": [
		{
			"from": [5, 0, -16],
			"to": [5.5, 1, -15.5],
			"faces": {
				"north": {"uv": [0, 0, 0.5, 1], "texture": "#1"},
				"east": {"uv": [0, 0, 0.5, 1], "texture": "#1"},
				"south": {"uv": [0, 0, 0.5, 1], "texture": "#1"},
				"west": {"uv": [0, 0, 0.5, 1], "texture": "#1"},
				"up": {"uv": [0, 0, 0.5, 0.5], "texture": "#1"},
				"down": {"uv": [0, 0, 0.5, 0.5], "texture": "#1"}
			}
		},
		{
			"from": [5, 0, -12.5],
			"to": [5.5, 1, -12],
			"faces": {
				"north": {"uv": [0, 0, 0.5, 1], "texture": "#1"},
				"east": {"uv": [0, 0, 0.5, 1], "texture": "#1"},
				"south": {"uv": [0, 0, 0.5, 1], "texture": "#1"},
				"west": {"uv": [0, 0, 0.5, 1], "texture": "#1"},
				"up": {"uv": [0, 0, 0.5, 0.5], "texture": "#1"},
				"down": {"uv": [0, 0, 0.5, 0.5], "texture": "#1"}
			}
		},
		{
			"from": [1.5, 0, -16],
			"to": [2, 1, -15.5],
			"faces": {
				"north": {"uv": [0, 0, 0.5, 1], "texture": "#1"},
				"east": {"uv": [0, 0, 0.5, 1], "texture": "#1"},
				"south": {"uv": [0, 0, 0.5, 1], "texture": "#1"},
				"west": {"uv": [0, 0, 0.5, 1], "texture": "#1"},
				"up": {"uv": [0, 0, 0.5, 0.5], "texture": "#1"},
				"down": {"uv": [0, 0, 0.5, 0.5], "texture": "#1"}
			}
		},
		{
			"from": [1.5, 0, -12.5],
			"to": [2, 1, -12],
			"faces": {
				"north": {"uv": [0, 0, 0.5, 1], "texture": "#1"},
				"east": {"uv": [0, 0, 0.5, 1], "texture": "#1"},
				"south": {"uv": [0, 0, 0.5, 1], "texture": "#1"},
				"west": {"uv": [0, 0, 0.5, 1], "texture": "#1"},
				"up": {"uv": [0, 0, 0.5, 0.5], "texture": "#1"},
				"down": {"uv": [0, 0, 0.5, 0.5], "texture": "#1"}
			}
		},
		{
			"from": [2, 0, -15.5],
			"to": [5, 0.7, -12],
			"faces": {
				"north": {"uv": [0, 0, 3, 0.7], "texture": "#1"},
				"east": {"uv": [0, 0, 3.5, 0.7], "texture": "#1"},
				"south": {"uv": [0, 0, 3, 0.7], "texture": "#1"},
				"west": {"uv": [0, 0, 3.5, 0.7], "texture": "#1"},
				"up": {"uv": [0, 0, 3, 3.5], "texture": "#1"},
				"down": {"uv": [0, 0, 3, 3.5], "texture": "#1"}
			}
		},
		{
			"from": [2, 0, -16],
			"to": [5, 0.7, -15.5],
			"faces": {
				"north": {"uv": [0, 0, 3, 0.7], "texture": "#1"},
				"east": {"uv": [0, 0, 0.5, 0.7], "texture": "#1"},
				"south": {"uv": [0, 0, 3, 0.7], "texture": "#1"},
				"west": {"uv": [0, 0, 0.5, 0.7], "texture": "#1"},
				"up": {"uv": [0, 0, 3, 0.5], "texture": "#1"},
				"down": {"uv": [0, 0, 3, 0.5], "texture": "#1"}
			}
		},
		{
			"from": [1.5, 0, -15.5],
			"to": [2, 0.7, -12.5],
			"faces": {
				"north": {"uv": [0, 0, 0.5, 0.7], "texture": "#1"},
				"east": {"uv": [0, 0, 3, 0.7], "texture": "#1"},
				"south": {"uv": [0, 0, 0.5, 0.7], "texture": "#1"},
				"west": {"uv": [0, 0, 3, 0.7], "texture": "#1"},
				"up": {"uv": [0, 0, 0.5, 3], "texture": "#1"},
				"down": {"uv": [0, 0, 0.5, 3], "texture": "#1"}
			}
		},
		{
			"from": [5, 0, -15.5],
			"to": [5.5, 0.7, -12.5],
			"faces": {
				"north": {"uv": [0, 0, 0.5, 0.7], "texture": "#1"},
				"east": {"uv": [0, 0, 3, 0.7], "texture": "#1"},
				"south": {"uv": [0, 0, 0.5, 0.7], "texture": "#1"},
				"west": {"uv": [0, 0, 3, 0.7], "texture": "#1"},
				"up": {"uv": [0, 0, 0.5, 3], "texture": "#1"},
				"down": {"uv": [0, 0, 0.5, 3], "texture": "#1"}
			}
		},
		{
			"from": [2, 0.6, -13.5],
			"to": [3, 1.6, -12.5],
			"faces": {
				"north": {"uv": [8.36923, 9.84615, 9.36923, 10.84615], "texture": "#0"},
				"east": {"uv": [10.09231, 11.56923, 11.09231, 12.56923], "texture": "#0"},
				"south": {"uv": [12.55385, 10.58462, 13.55385, 11.58462], "texture": "#0"},
				"west": {"uv": [11.81538, 11.56923, 12.81538, 12.56923], "texture": "#0"},
				"up": {"uv": [9.6, 10.09231, 10.6, 11.09231], "texture": "#0"},
				"down": {"uv": [7.13846, 9.84615, 8.13846, 10.84615], "texture": "#0"}
			}
		},
		{
			"from": [4, 0.6, -13.5],
			"to": [5, 1.6, -12.5],
			"faces": {
				"north": {"uv": [8.36923, 9.84615, 9.36923, 10.84615], "texture": "#0"},
				"east": {"uv": [10.09231, 11.56923, 11.09231, 12.56923], "texture": "#0"},
				"south": {"uv": [12.55385, 10.58462, 13.55385, 11.58462], "texture": "#0"},
				"west": {"uv": [11.81538, 11.56923, 12.81538, 12.56923], "texture": "#0"},
				"up": {"uv": [9.6, 10.09231, 10.6, 11.09231], "texture": "#0"},
				"down": {"uv": [7.13846, 9.84615, 8.13846, 10.84615], "texture": "#0"}
			}
		},
		{
			"from": [2, 0.6, -15.5],
			"to": [3, 1.6, -14.5],
			"faces": {
				"north": {"uv": [8.36923, 9.84615, 9.36923, 10.84615], "texture": "#0"},
				"east": {"uv": [10.09231, 11.56923, 11.09231, 12.56923], "texture": "#0"},
				"south": {"uv": [12.55385, 10.58462, 13.55385, 11.58462], "texture": "#0"},
				"west": {"uv": [11.81538, 11.56923, 12.81538, 12.56923], "texture": "#0"},
				"up": {"uv": [9.6, 10.09231, 10.6, 11.09231], "texture": "#0"},
				"down": {"uv": [7.13846, 9.84615, 8.13846, 10.84615], "texture": "#0"}
			}
		},
		{
			"from": [4, 0.6, -15.5],
			"to": [5, 1.6, -14.5],
			"faces": {
				"north": {"uv": [8.36923, 9.84615, 9.36923, 10.84615], "texture": "#0"},
				"east": {"uv": [10.09231, 11.56923, 11.09231, 12.56923], "texture": "#0"},
				"south": {"uv": [12.55385, 10.58462, 13.55385, 11.58462], "texture": "#0"},
				"west": {"uv": [11.81538, 11.56923, 12.81538, 12.56923], "texture": "#0"},
				"up": {"uv": [9.6, 10.09231, 10.6, 11.09231], "texture": "#0"},
				"down": {"uv": [7.13846, 9.84615, 8.13846, 10.84615], "texture": "#0"}
			}
		},
		{
			"from": [4, 0.6, -14.5],
			"to": [5, 2.6, -13.5],
			"faces": {
				"north": {"uv": [8.36923, 9.84615, 9.36923, 11.84615], "texture": "#0"},
				"east": {"uv": [10.09231, 11.56923, 11.09231, 13.56923], "texture": "#0"},
				"south": {"uv": [12.55385, 10.58462, 13.55385, 12.58462], "texture": "#0"},
				"west": {"uv": [11.81538, 11.56923, 12.81538, 13.56923], "texture": "#0"},
				"up": {"uv": [9.6, 10.09231, 10.6, 11.09231], "texture": "#0"},
				"down": {"uv": [7.13846, 9.84615, 8.13846, 10.84615], "texture": "#0"}
			}
		},
		{
			"from": [3, 0.6, -13.5],
			"to": [4, 2.6, -12.5],
			"faces": {
				"north": {"uv": [8.36923, 9.84615, 9.36923, 11.84615], "texture": "#0"},
				"east": {"uv": [10.09231, 11.56923, 11.09231, 13.56923], "texture": "#0"},
				"south": {"uv": [12.55385, 10.58462, 13.55385, 12.58462], "texture": "#0"},
				"west": {"uv": [11.81538, 11.56923, 12.81538, 13.56923], "texture": "#0"},
				"up": {"uv": [9.6, 10.09231, 10.6, 11.09231], "texture": "#0"},
				"down": {"uv": [7.13846, 9.84615, 8.13846, 10.84615], "texture": "#0"}
			}
		},
		{
			"from": [2, 0.6, -14.5],
			"to": [3, 2.6, -13.5],
			"faces": {
				"north": {"uv": [8.36923, 9.84615, 9.36923, 11.84615], "texture": "#0"},
				"east": {"uv": [10.09231, 11.56923, 11.09231, 13.56923], "texture": "#0"},
				"south": {"uv": [12.55385, 10.58462, 13.55385, 12.58462], "texture": "#0"},
				"west": {"uv": [11.81538, 11.56923, 12.81538, 13.56923], "texture": "#0"},
				"up": {"uv": [9.6, 10.09231, 10.6, 11.09231], "texture": "#0"},
				"down": {"uv": [7.13846, 9.84615, 8.13846, 10.84615], "texture": "#0"}
			}
		},
		{
			"from": [3, 0.6, -15.5],
			"to": [4, 2.6, -14.5],
			"faces": {
				"north": {"uv": [8.36923, 9.84615, 9.36923, 11.84615], "texture": "#0"},
				"east": {"uv": [10.09231, 11.56923, 11.09231, 13.56923], "texture": "#0"},
				"south": {"uv": [12.55385, 10.58462, 13.55385, 12.58462], "texture": "#0"},
				"west": {"uv": [11.81538, 11.56923, 12.81538, 13.56923], "texture": "#0"},
				"up": {"uv": [9.6, 10.09231, 10.6, 11.09231], "texture": "#0"},
				"down": {"uv": [7.13846, 9.84615, 8.13846, 10.84615], "texture": "#0"}
			}
		},
		{
			"from": [3, 0.6, -14.5],
			"to": [4, 3.1, -13.5],
			"faces": {
				"north": {"uv": [8.36923, 9.84615, 9.36923, 12.34615], "texture": "#0"},
				"east": {"uv": [10.09231, 11.56923, 11.09231, 14.06923], "texture": "#0"},
				"south": {"uv": [12.55385, 10.58462, 13.55385, 13.08462], "texture": "#0"},
				"west": {"uv": [11.81538, 11.56923, 12.81538, 14.06923], "texture": "#0"},
				"up": {"uv": [9.6, 10.09231, 10.6, 11.09231], "texture": "#0"},
				"down": {"uv": [7.13846, 9.84615, 8.13846, 10.84615], "texture": "#0"}
			}
		},
		{
			"from": [2.5, 1.6, -13.5],
			"to": [3, 2.1, -13],
			"faces": {
				"north": {"uv": [10.33846, 11.56923, 10.83846, 12.06923], "texture": "#0"},
				"east": {"uv": [9.84615, 10.09231, 10.34615, 10.59231], "texture": "#0"},
				"south": {"uv": [12.06154, 10.83077, 12.56154, 11.33077], "texture": "#0"},
				"west": {"uv": [11.81538, 11.56923, 12.31538, 12.06923], "texture": "#0"},
				"up": {"uv": [8.61538, 10.09231, 9.11538, 10.59231], "texture": "#0"},
				"down": {"uv": [8.86154, 10.58462, 9.36154, 11.08462], "texture": "#0"}
			}
		},
		{
			"from": [4, 1.6, -13.5],
			"to": [4.5, 2.1, -13],
			"faces": {
				"north": {"uv": [10.33846, 11.56923, 10.83846, 12.06923], "texture": "#0"},
				"east": {"uv": [9.84615, 10.09231, 10.34615, 10.59231], "texture": "#0"},
				"south": {"uv": [12.06154, 10.83077, 12.56154, 11.33077], "texture": "#0"},
				"west": {"uv": [11.81538, 11.56923, 12.31538, 12.06923], "texture": "#0"},
				"up": {"uv": [8.61538, 10.09231, 9.11538, 10.59231], "texture": "#0"},
				"down": {"uv": [8.86154, 10.58462, 9.36154, 11.08462], "texture": "#0"}
			}
		},
		{
			"from": [4, 1.6, -15],
			"to": [4.5, 2.1, -14.5],
			"faces": {
				"north": {"uv": [10.33846, 11.56923, 10.83846, 12.06923], "texture": "#0"},
				"east": {"uv": [9.84615, 10.09231, 10.34615, 10.59231], "texture": "#0"},
				"south": {"uv": [12.06154, 10.83077, 12.56154, 11.33077], "texture": "#0"},
				"west": {"uv": [11.81538, 11.56923, 12.31538, 12.06923], "texture": "#0"},
				"up": {"uv": [8.61538, 10.09231, 9.11538, 10.59231], "texture": "#0"},
				"down": {"uv": [8.86154, 10.58462, 9.36154, 11.08462], "texture": "#0"}
			}
		},
		{
			"from": [2.5, 1.6, -15],
			"to": [3, 2.1, -14.5],
			"faces": {
				"north": {"uv": [10.33846, 11.56923, 10.83846, 12.06923], "texture": "#0"},
				"east": {"uv": [9.84615, 10.09231, 10.34615, 10.59231], "texture": "#0"},
				"south": {"uv": [12.06154, 10.83077, 12.56154, 11.33077], "texture": "#0"},
				"west": {"uv": [11.81538, 11.56923, 12.31538, 12.06923], "texture": "#0"},
				"up": {"uv": [8.61538, 10.09231, 9.11538, 10.59231], "texture": "#0"},
				"down": {"uv": [8.86154, 10.58462, 9.36154, 11.08462], "texture": "#0"}
			}
		},
		{
			"from": [5, 0, -10],
			"to": [5.5, 1, -9.5],
			"faces": {
				"north": {"uv": [0, 0, 0.5, 1], "texture": "#1"},
				"east": {"uv": [0, 0, 0.5, 1], "texture": "#1"},
				"south": {"uv": [0, 0, 0.5, 1], "texture": "#1"},
				"west": {"uv": [0, 0, 0.5, 1], "texture": "#1"},
				"up": {"uv": [0, 0, 0.5, 0.5], "texture": "#1"},
				"down": {"uv": [0, 0, 0.5, 0.5], "texture": "#1"}
			}
		},
		{
			"from": [5, 0, -6.5],
			"to": [5.5, 1, -6],
			"faces": {
				"north": {"uv": [0, 0, 0.5, 1], "texture": "#1"},
				"east": {"uv": [0, 0, 0.5, 1], "texture": "#1"},
				"south": {"uv": [0, 0, 0.5, 1], "texture": "#1"},
				"west": {"uv": [0, 0, 0.5, 1], "texture": "#1"},
				"up": {"uv": [0, 0, 0.5, 0.5], "texture": "#1"},
				"down": {"uv": [0, 0, 0.5, 0.5], "texture": "#1"}
			}
		},
		{
			"from": [1.5, 0, -10],
			"to": [2, 1, -9.5],
			"faces": {
				"north": {"uv": [0, 0, 0.5, 1], "texture": "#1"},
				"east": {"uv": [0, 0, 0.5, 1], "texture": "#1"},
				"south": {"uv": [0, 0, 0.5, 1], "texture": "#1"},
				"west": {"uv": [0, 0, 0.5, 1], "texture": "#1"},
				"up": {"uv": [0, 0, 0.5, 0.5], "texture": "#1"},
				"down": {"uv": [0, 0, 0.5, 0.5], "texture": "#1"}
			}
		},
		{
			"from": [1.5, 0, -6.5],
			"to": [2, 1, -6],
			"faces": {
				"north": {"uv": [0, 0, 0.5, 1], "texture": "#1"},
				"east": {"uv": [0, 0, 0.5, 1], "texture": "#1"},
				"south": {"uv": [0, 0, 0.5, 1], "texture": "#1"},
				"west": {"uv": [0, 0, 0.5, 1], "texture": "#1"},
				"up": {"uv": [0, 0, 0.5, 0.5], "texture": "#1"},
				"down": {"uv": [0, 0, 0.5, 0.5], "texture": "#1"}
			}
		},
		{
			"from": [2, 0, -9.5],
			"to": [5, 0.7, -6],
			"faces": {
				"north": {"uv": [0, 0, 3, 0.7], "texture": "#1"},
				"east": {"uv": [0, 0, 3.5, 0.7], "texture": "#1"},
				"south": {"uv": [0, 0, 3, 0.7], "texture": "#1"},
				"west": {"uv": [0, 0, 3.5, 0.7], "texture": "#1"},
				"up": {"uv": [0, 0, 3, 3.5], "texture": "#1"},
				"down": {"uv": [0, 0, 3, 3.5], "texture": "#1"}
			}
		},
		{
			"from": [2, 0, -10],
			"to": [5, 0.7, -9.5],
			"faces": {
				"north": {"uv": [0, 0, 3, 0.7], "texture": "#1"},
				"east": {"uv": [0, 0, 0.5, 0.7], "texture": "#1"},
				"south": {"uv": [0, 0, 3, 0.7], "texture": "#1"},
				"west": {"uv": [0, 0, 0.5, 0.7], "texture": "#1"},
				"up": {"uv": [0, 0, 3, 0.5], "texture": "#1"},
				"down": {"uv": [0, 0, 3, 0.5], "texture": "#1"}
			}
		},
		{
			"from": [1.5, 0, -9.5],
			"to": [2, 0.7, -6.5],
			"faces": {
				"north": {"uv": [0, 0, 0.5, 0.7], "texture": "#1"},
				"east": {"uv": [0, 0, 3, 0.7], "texture": "#1"},
				"south": {"uv": [0, 0, 0.5, 0.7], "texture": "#1"},
				"west": {"uv": [0, 0, 3, 0.7], "texture": "#1"},
				"up": {"uv": [0, 0, 0.5, 3], "texture": "#1"},
				"down": {"uv": [0, 0, 0.5, 3], "texture": "#1"}
			}
		},
		{
			"from": [5, 0, -9.5],
			"to": [5.5, 0.7, -6.5],
			"faces": {
				"north": {"uv": [0, 0, 0.5, 0.7], "texture": "#1"},
				"east": {"uv": [0, 0, 3, 0.7], "texture": "#1"},
				"south": {"uv": [0, 0, 0.5, 0.7], "texture": "#1"},
				"west": {"uv": [0, 0, 3, 0.7], "texture": "#1"},
				"up": {"uv": [0, 0, 0.5, 3], "texture": "#1"},
				"down": {"uv": [0, 0, 0.5, 3], "texture": "#1"}
			}
		},
		{
			"from": [2, 0.6, -7.5],
			"to": [3, 1.6, -6.5],
			"faces": {
				"north": {"uv": [8.36923, 9.84615, 9.36923, 10.84615], "texture": "#0"},
				"east": {"uv": [10.09231, 11.56923, 11.09231, 12.56923], "texture": "#0"},
				"south": {"uv": [12.55385, 10.58462, 13.55385, 11.58462], "texture": "#0"},
				"west": {"uv": [11.81538, 11.56923, 12.81538, 12.56923], "texture": "#0"},
				"up": {"uv": [9.6, 10.09231, 10.6, 11.09231], "texture": "#0"},
				"down": {"uv": [7.13846, 9.84615, 8.13846, 10.84615], "texture": "#0"}
			}
		},
		{
			"from": [4, 0.6, -7.5],
			"to": [5, 1.6, -6.5],
			"faces": {
				"north": {"uv": [8.36923, 9.84615, 9.36923, 10.84615], "texture": "#0"},
				"east": {"uv": [10.09231, 11.56923, 11.09231, 12.56923], "texture": "#0"},
				"south": {"uv": [12.55385, 10.58462, 13.55385, 11.58462], "texture": "#0"},
				"west": {"uv": [11.81538, 11.56923, 12.81538, 12.56923], "texture": "#0"},
				"up": {"uv": [9.6, 10.09231, 10.6, 11.09231], "texture": "#0"},
				"down": {"uv": [7.13846, 9.84615, 8.13846, 10.84615], "texture": "#0"}
			}
		},
		{
			"from": [2, 0.6, -9.5],
			"to": [3, 1.6, -8.5],
			"faces": {
				"north": {"uv": [8.36923, 9.84615, 9.36923, 10.84615], "texture": "#0"},
				"east": {"uv": [10.09231, 11.56923, 11.09231, 12.56923], "texture": "#0"},
				"south": {"uv": [12.55385, 10.58462, 13.55385, 11.58462], "texture": "#0"},
				"west": {"uv": [11.81538, 11.56923, 12.81538, 12.56923], "texture": "#0"},
				"up": {"uv": [9.6, 10.09231, 10.6, 11.09231], "texture": "#0"},
				"down": {"uv": [7.13846, 9.84615, 8.13846, 10.84615], "texture": "#0"}
			}
		},
		{
			"from": [4, 0.6, -9.5],
			"to": [5, 1.6, -8.5],
			"faces": {
				"north": {"uv": [8.36923, 9.84615, 9.36923, 10.84615], "texture": "#0"},
				"east": {"uv": [10.09231, 11.56923, 11.09231, 12.56923], "texture": "#0"},
				"south": {"uv": [12.55385, 10.58462, 13.55385, 11.58462], "texture": "#0"},
				"west": {"uv": [11.81538, 11.56923, 12.81538, 12.56923], "texture": "#0"},
				"up": {"uv": [9.6, 10.09231, 10.6, 11.09231], "texture": "#0"},
				"down": {"uv": [7.13846, 9.84615, 8.13846, 10.84615], "texture": "#0"}
			}
		},
		{
			"from": [4, 0.6, -8.5],
			"to": [5, 2.6, -7.5],
			"faces": {
				"north": {"uv": [8.36923, 9.84615, 9.36923, 11.84615], "texture": "#0"},
				"east": {"uv": [10.09231, 11.56923, 11.09231, 13.56923], "texture": "#0"},
				"south": {"uv": [12.55385, 10.58462, 13.55385, 12.58462], "texture": "#0"},
				"west": {"uv": [11.81538, 11.56923, 12.81538, 13.56923], "texture": "#0"},
				"up": {"uv": [9.6, 10.09231, 10.6, 11.09231], "texture": "#0"},
				"down": {"uv": [7.13846, 9.84615, 8.13846, 10.84615], "texture": "#0"}
			}
		},
		{
			"from": [3, 0.6, -7.5],
			"to": [4, 2.6, -6.5],
			"faces": {
				"north": {"uv": [8.36923, 9.84615, 9.36923, 11.84615], "texture": "#0"},
				"east": {"uv": [10.09231, 11.56923, 11.09231, 13.56923], "texture": "#0"},
				"south": {"uv": [12.55385, 10.58462, 13.55385, 12.58462], "texture": "#0"},
				"west": {"uv": [11.81538, 11.56923, 12.81538, 13.56923], "texture": "#0"},
				"up": {"uv": [9.6, 10.09231, 10.6, 11.09231], "texture": "#0"},
				"down": {"uv": [7.13846, 9.84615, 8.13846, 10.84615], "texture": "#0"}
			}
		},
		{
			"from": [2, 0.6, -8.5],
			"to": [3, 2.6, -7.5],
			"faces": {
				"north": {"uv": [8.36923, 9.84615, 9.36923, 11.84615], "texture": "#0"},
				"east": {"uv": [10.09231, 11.56923, 11.09231, 13.56923], "texture": "#0"},
				"south": {"uv": [12.55385, 10.58462, 13.55385, 12.58462], "texture": "#0"},
				"west": {"uv": [11.81538, 11.56923, 12.81538, 13.56923], "texture": "#0"},
				"up": {"uv": [9.6, 10.09231, 10.6, 11.09231], "texture": "#0"},
				"down": {"uv": [7.13846, 9.84615, 8.13846, 10.84615], "texture": "#0"}
			}
		},
		{
			"from": [3, 0.6, -9.5],
			"to": [4, 2.6, -8.5],
			"faces": {
				"north": {"uv": [8.36923, 9.84615, 9.36923, 11.84615], "texture": "#0"},
				"east": {"uv": [10.09231, 11.56923, 11.09231, 13.56923], "texture": "#0"},
				"south": {"uv": [12.55385, 10.58462, 13.55385, 12.58462], "texture": "#0"},
				"west": {"uv": [11.81538, 11.56923, 12.81538, 13.56923], "texture": "#0"},
				"up": {"uv": [9.6, 10.09231, 10.6, 11.09231], "texture": "#0"},
				"down": {"uv": [7.13846, 9.84615, 8.13846, 10.84615], "texture": "#0"}
			}
		},
		{
			"from": [3, 0.6, -8.5],
			"to": [4, 3.1, -7.5],
			"faces": {
				"north": {"uv": [8.36923, 9.84615, 9.36923, 12.34615], "texture": "#0"},
				"east": {"uv": [10.09231, 11.56923, 11.09231, 14.06923], "texture": "#0"},
				"south": {"uv": [12.55385, 10.58462, 13.55385, 13.08462], "texture": "#0"},
				"west": {"uv": [11.81538, 11.56923, 12.81538, 14.06923], "texture": "#0"},
				"up": {"uv": [9.6, 10.09231, 10.6, 11.09231], "texture": "#0"},
				"down": {"uv": [7.13846, 9.84615, 8.13846, 10.84615], "texture": "#0"}
			}
		},
		{
			"from": [2.5, 1.6, -7.5],
			"to": [3, 2.1, -7],
			"faces": {
				"north": {"uv": [10.33846, 11.56923, 10.83846, 12.06923], "texture": "#0"},
				"east": {"uv": [9.84615, 10.09231, 10.34615, 10.59231], "texture": "#0"},
				"south": {"uv": [12.06154, 10.83077, 12.56154, 11.33077], "texture": "#0"},
				"west": {"uv": [11.81538, 11.56923, 12.31538, 12.06923], "texture": "#0"},
				"up": {"uv": [8.61538, 10.09231, 9.11538, 10.59231], "texture": "#0"},
				"down": {"uv": [8.86154, 10.58462, 9.36154, 11.08462], "texture": "#0"}
			}
		},
		{
			"from": [4, 1.6, -7.5],
			"to": [4.5, 2.1, -7],
			"faces": {
				"north": {"uv": [10.33846, 11.56923, 10.83846, 12.06923], "texture": "#0"},
				"east": {"uv": [9.84615, 10.09231, 10.34615, 10.59231], "texture": "#0"},
				"south": {"uv": [12.06154, 10.83077, 12.56154, 11.33077], "texture": "#0"},
				"west": {"uv": [11.81538, 11.56923, 12.31538, 12.06923], "texture": "#0"},
				"up": {"uv": [8.61538, 10.09231, 9.11538, 10.59231], "texture": "#0"},
				"down": {"uv": [8.86154, 10.58462, 9.36154, 11.08462], "texture": "#0"}
			}
		},
		{
			"from": [4, 1.6, -9],
			"to": [4.5, 2.1, -8.5],
			"faces": {
				"north": {"uv": [10.33846, 11.56923, 10.83846, 12.06923], "texture": "#0"},
				"east": {"uv": [9.84615, 10.09231, 10.34615, 10.59231], "texture": "#0"},
				"south": {"uv": [12.06154, 10.83077, 12.56154, 11.33077], "texture": "#0"},
				"west": {"uv": [11.81538, 11.56923, 12.31538, 12.06923], "texture": "#0"},
				"up": {"uv": [8.61538, 10.09231, 9.11538, 10.59231], "texture": "#0"},
				"down": {"uv": [8.86154, 10.58462, 9.36154, 11.08462], "texture": "#0"}
			}
		},
		{
			"from": [2.5, 1.6, -9],
			"to": [3, 2.1, -8.5],
			"faces": {
				"north": {"uv": [10.33846, 11.56923, 10.83846, 12.06923], "texture": "#0"},
				"east": {"uv": [9.84615, 10.09231, 10.34615, 10.59231], "texture": "#0"},
				"south": {"uv": [12.06154, 10.83077, 12.56154, 11.33077], "texture": "#0"},
				"west": {"uv": [11.81538, 11.56923, 12.31538, 12.06923], "texture": "#0"},
				"up": {"uv": [8.61538, 10.09231, 9.11538, 10.59231], "texture": "#0"},
				"down": {"uv": [8.86154, 10.58462, 9.36154, 11.08462], "texture": "#0"}
			}
		},
		{
			"from": [5, 0, -4],
			"to": [5.5, 1, -3.5],
			"faces": {
				"north": {"uv": [0, 0, 0.5, 1], "texture": "#1"},
				"east": {"uv": [0, 0, 0.5, 1], "texture": "#1"},
				"south": {"uv": [0, 0, 0.5, 1], "texture": "#1"},
				"west": {"uv": [0, 0, 0.5, 1], "texture": "#1"},
				"up": {"uv": [0, 0, 0.5, 0.5], "texture": "#1"},
				"down": {"uv": [0, 0, 0.5, 0.5], "texture": "#1"}
			}
		},
		{
			"from": [5, 0, -0.5],
			"to": [5.5, 1, 0],
			"faces": {
				"north": {"uv": [0, 0, 0.5, 1], "texture": "#1"},
				"east": {"uv": [0, 0, 0.5, 1], "texture": "#1"},
				"south": {"uv": [0, 0, 0.5, 1], "texture": "#1"},
				"west": {"uv": [0, 0, 0.5, 1], "texture": "#1"},
				"up": {"uv": [0, 0, 0.5, 0.5], "texture": "#1"},
				"down": {"uv": [0, 0, 0.5, 0.5], "texture": "#1"}
			}
		},
		{
			"from": [1.5, 0, -4],
			"to": [2, 1, -3.5],
			"faces": {
				"north": {"uv": [0, 0, 0.5, 1], "texture": "#1"},
				"east": {"uv": [0, 0, 0.5, 1], "texture": "#1"},
				"south": {"uv": [0, 0, 0.5, 1], "texture": "#1"},
				"west": {"uv": [0, 0, 0.5, 1], "texture": "#1"},
				"up": {"uv": [0, 0, 0.5, 0.5], "texture": "#1"},
				"down": {"uv": [0, 0, 0.5, 0.5], "texture": "#1"}
			}
		},
		{
			"from": [1.5, 0, -0.5],
			"to": [2, 1, 0],
			"faces": {
				"north": {"uv": [0, 0, 0.5, 1], "texture": "#1"},
				"east": {"uv": [0, 0, 0.5, 1], "texture": "#1"},
				"south": {"uv": [0, 0, 0.5, 1], "texture": "#1"},
				"west": {"uv": [0, 0, 0.5, 1], "texture": "#1"},
				"up": {"uv": [0, 0, 0.5, 0.5], "texture": "#1"},
				"down": {"uv": [0, 0, 0.5, 0.5], "texture": "#1"}
			}
		},
		{
			"from": [2, 0, -3.5],
			"to": [5, 0.7, 0],
			"faces": {
				"north": {"uv": [0, 0, 3, 0.7], "texture": "#1"},
				"east": {"uv": [0, 0, 3.5, 0.7], "texture": "#1"},
				"south": {"uv": [0, 0, 3, 0.7], "texture": "#1"},
				"west": {"uv": [0, 0, 3.5, 0.7], "texture": "#1"},
				"up": {"uv": [0, 0, 3, 3.5], "texture": "#1"},
				"down": {"uv": [0, 0, 3, 3.5], "texture": "#1"}
			}
		},
		{
			"from": [2, 0, -4],
			"to": [5, 0.7, -3.5],
			"faces": {
				"north": {"uv": [0, 0, 3, 0.7], "texture": "#1"},
				"east": {"uv": [0, 0, 0.5, 0.7], "texture": "#1"},
				"south": {"uv": [0, 0, 3, 0.7], "texture": "#1"},
				"west": {"uv": [0, 0, 0.5, 0.7], "texture": "#1"},
				"up": {"uv": [0, 0, 3, 0.5], "texture": "#1"},
				"down": {"uv": [0, 0, 3, 0.5], "texture": "#1"}
			}
		},
		{
			"from": [1.5, 0, -3.5],
			"to": [2, 0.7, -0.5],
			"faces": {
				"north": {"uv": [0, 0, 0.5, 0.7], "texture": "#1"},
				"east": {"uv": [0, 0, 3, 0.7], "texture": "#1"},
				"south": {"uv": [0, 0, 0.5, 0.7], "texture": "#1"},
				"west": {"uv": [0, 0, 3, 0.7], "texture": "#1"},
				"up": {"uv": [0, 0, 0.5, 3], "texture": "#1"},
				"down": {"uv": [0, 0, 0.5, 3], "texture": "#1"}
			}
		},
		{
			"from": [5, 0, -3.5],
			"to": [5.5, 0.7, -0.5],
			"faces": {
				"north": {"uv": [0, 0, 0.5, 0.7], "texture": "#1"},
				"east": {"uv": [0, 0, 3, 0.7], "texture": "#1"},
				"south": {"uv": [0, 0, 0.5, 0.7], "texture": "#1"},
				"west": {"uv": [0, 0, 3, 0.7], "texture": "#1"},
				"up": {"uv": [0, 0, 0.5, 3], "texture": "#1"},
				"down": {"uv": [0, 0, 0.5, 3], "texture": "#1"}
			}
		},
		{
			"from": [2, 0.6, -1.5],
			"to": [3, 1.6, -0.5],
			"faces": {
				"north": {"uv": [8.36923, 9.84615, 9.36923, 10.84615], "texture": "#0"},
				"east": {"uv": [10.09231, 11.56923, 11.09231, 12.56923], "texture": "#0"},
				"south": {"uv": [12.55385, 10.58462, 13.55385, 11.58462], "texture": "#0"},
				"west": {"uv": [11.81538, 11.56923, 12.81538, 12.56923], "texture": "#0"},
				"up": {"uv": [9.6, 10.09231, 10.6, 11.09231], "texture": "#0"},
				"down": {"uv": [7.13846, 9.84615, 8.13846, 10.84615], "texture": "#0"}
			}
		},
		{
			"from": [4, 0.6, -1.5],
			"to": [5, 1.6, -0.5],
			"faces": {
				"north": {"uv": [8.36923, 9.84615, 9.36923, 10.84615], "texture": "#0"},
				"east": {"uv": [10.09231, 11.56923, 11.09231, 12.56923], "texture": "#0"},
				"south": {"uv": [12.55385, 10.58462, 13.55385, 11.58462], "texture": "#0"},
				"west": {"uv": [11.81538, 11.56923, 12.81538, 12.56923], "texture": "#0"},
				"up": {"uv": [9.6, 10.09231, 10.6, 11.09231], "texture": "#0"},
				"down": {"uv": [7.13846, 9.84615, 8.13846, 10.84615], "texture": "#0"}
			}
		},
		{
			"from": [2, 0.6, -3.5],
			"to": [3, 1.6, -2.5],
			"faces": {
				"north": {"uv": [8.36923, 9.84615, 9.36923, 10.84615], "texture": "#0"},
				"east": {"uv": [10.09231, 11.56923, 11.09231, 12.56923], "texture": "#0"},
				"south": {"uv": [12.55385, 10.58462, 13.55385, 11.58462], "texture": "#0"},
				"west": {"uv": [11.81538, 11.56923, 12.81538, 12.56923], "texture": "#0"},
				"up": {"uv": [9.6, 10.09231, 10.6, 11.09231], "texture": "#0"},
				"down": {"uv": [7.13846, 9.84615, 8.13846, 10.84615], "texture": "#0"}
			}
		},
		{
			"from": [4, 0.6, -3.5],
			"to": [5, 1.6, -2.5],
			"faces": {
				"north": {"uv": [8.36923, 9.84615, 9.36923, 10.84615], "texture": "#0"},
				"east": {"uv": [10.09231, 11.56923, 11.09231, 12.56923], "texture": "#0"},
				"south": {"uv": [12.55385, 10.58462, 13.55385, 11.58462], "texture": "#0"},
				"west": {"uv": [11.81538, 11.56923, 12.81538, 12.56923], "texture": "#0"},
				"up": {"uv": [9.6, 10.09231, 10.6, 11.09231], "texture": "#0"},
				"down": {"uv": [7.13846, 9.84615, 8.13846, 10.84615], "texture": "#0"}
			}
		},
		{
			"from": [4, 0.6, -2.5],
			"to": [5, 2.6, -1.5],
			"faces": {
				"north": {"uv": [8.36923, 9.84615, 9.36923, 11.84615], "texture": "#0"},
				"east": {"uv": [10.09231, 11.56923, 11.09231, 13.56923], "texture": "#0"},
				"south": {"uv": [12.55385, 10.58462, 13.55385, 12.58462], "texture": "#0"},
				"west": {"uv": [11.81538, 11.56923, 12.81538, 13.56923], "texture": "#0"},
				"up": {"uv": [9.6, 10.09231, 10.6, 11.09231], "texture": "#0"},
				"down": {"uv": [7.13846, 9.84615, 8.13846, 10.84615], "texture": "#0"}
			}
		},
		{
			"from": [3, 0.6, -1.5],
			"to": [4, 2.6, -0.5],
			"faces": {
				"north": {"uv": [8.36923, 9.84615, 9.36923, 11.84615], "texture": "#0"},
				"east": {"uv": [10.09231, 11.56923, 11.09231, 13.56923], "texture": "#0"},
				"south": {"uv": [12.55385, 10.58462, 13.55385, 12.58462], "texture": "#0"},
				"west": {"uv": [11.81538, 11.56923, 12.81538, 13.56923], "texture": "#0"},
				"up": {"uv": [9.6, 10.09231, 10.6, 11.09231], "texture": "#0"},
				"down": {"uv": [7.13846, 9.84615, 8.13846, 10.84615], "texture": "#0"}
			}
		},
		{
			"from": [2, 0.6, -2.5],
			"to": [3, 2.6, -1.5],
			"faces": {
				"north": {"uv": [8.36923, 9.84615, 9.36923, 11.84615], "texture": "#0"},
				"east": {"uv": [10.09231, 11.56923, 11.09231, 13.56923], "texture": "#0"},
				"south": {"uv": [12.55385, 10.58462, 13.55385, 12.58462], "texture": "#0"},
				"west": {"uv": [11.81538, 11.56923, 12.81538, 13.56923], "texture": "#0"},
				"up": {"uv": [9.6, 10.09231, 10.6, 11.09231], "texture": "#0"},
				"down": {"uv": [7.13846, 9.84615, 8.13846, 10.84615], "texture": "#0"}
			}
		},
		{
			"from": [3, 0.6, -3.5],
			"to": [4, 2.6, -2.5],
			"faces": {
				"north": {"uv": [8.36923, 9.84615, 9.36923, 11.84615], "texture": "#0"},
				"east": {"uv": [10.09231, 11.56923, 11.09231, 13.56923], "texture": "#0"},
				"south": {"uv": [12.55385, 10.58462, 13.55385, 12.58462], "texture": "#0"},
				"west": {"uv": [11.81538, 11.56923, 12.81538, 13.56923], "texture": "#0"},
				"up": {"uv": [9.6, 10.09231, 10.6, 11.09231], "texture": "#0"},
				"down": {"uv": [7.13846, 9.84615, 8.13846, 10.84615], "texture": "#0"}
			}
		},
		{
			"from": [3, 0.6, -2.5],
			"to": [4, 3.1, -1.5],
			"faces": {
				"north": {"uv": [8.36923, 9.84615, 9.36923, 12.34615], "texture": "#0"},
				"east": {"uv": [10.09231, 11.56923, 11.09231, 14.06923], "texture": "#0"},
				"south": {"uv": [12.55385, 10.58462, 13.55385, 13.08462], "texture": "#0"},
				"west": {"uv": [11.81538, 11.56923, 12.81538, 14.06923], "texture": "#0"},
				"up": {"uv": [9.6, 10.09231, 10.6, 11.09231], "texture": "#0"},
				"down": {"uv": [7.13846, 9.84615, 8.13846, 10.84615], "texture": "#0"}
			}
		},
		{
			"from": [2.5, 1.6, -1.5],
			"to": [3, 2.1, -1],
			"faces": {
				"north": {"uv": [10.33846, 11.56923, 10.83846, 12.06923], "texture": "#0"},
				"east": {"uv": [9.84615, 10.09231, 10.34615, 10.59231], "texture": "#0"},
				"south": {"uv": [12.06154, 10.83077, 12.56154, 11.33077], "texture": "#0"},
				"west": {"uv": [11.81538, 11.56923, 12.31538, 12.06923], "texture": "#0"},
				"up": {"uv": [8.61538, 10.09231, 9.11538, 10.59231], "texture": "#0"},
				"down": {"uv": [8.86154, 10.58462, 9.36154, 11.08462], "texture": "#0"}
			}
		},
		{
			"from": [4, 1.6, -1.5],
			"to": [4.5, 2.1, -1],
			"faces": {
				"north": {"uv": [10.33846, 11.56923, 10.83846, 12.06923], "texture": "#0"},
				"east": {"uv": [9.84615, 10.09231, 10.34615, 10.59231], "texture": "#0"},
				"south": {"uv": [12.06154, 10.83077, 12.56154, 11.33077], "texture": "#0"},
				"west": {"uv": [11.81538, 11.56923, 12.31538, 12.06923], "texture": "#0"},
				"up": {"uv": [8.61538, 10.09231, 9.11538, 10.59231], "texture": "#0"},
				"down": {"uv": [8.86154, 10.58462, 9.36154, 11.08462], "texture": "#0"}
			}
		},
		{
			"from": [4, 1.6, -3],
			"to": [4.5, 2.1, -2.5],
			"faces": {
				"north": {"uv": [10.33846, 11.56923, 10.83846, 12.06923], "texture": "#0"},
				"east": {"uv": [9.84615, 10.09231, 10.34615, 10.59231], "texture": "#0"},
				"south": {"uv": [12.06154, 10.83077, 12.56154, 11.33077], "texture": "#0"},
				"west": {"uv": [11.81538, 11.56923, 12.31538, 12.06923], "texture": "#0"},
				"up": {"uv": [8.61538, 10.09231, 9.11538, 10.59231], "texture": "#0"},
				"down": {"uv": [8.86154, 10.58462, 9.36154, 11.08462], "texture": "#0"}
			}
		},
		{
			"from": [2.5, 1.6, -3],
			"to": [3, 2.1, -2.5],
			"faces": {
				"north": {"uv": [10.33846, 11.56923, 10.83846, 12.06923], "texture": "#0"},
				"east": {"uv": [9.84615, 10.09231, 10.34615, 10.59231], "texture": "#0"},
				"south": {"uv": [12.06154, 10.83077, 12.56154, 11.33077], "texture": "#0"},
				"west": {"uv": [11.81538, 11.56923, 12.31538, 12.06923], "texture": "#0"},
				"up": {"uv": [8.61538, 10.09231, 9.11538, 10.59231], "texture": "#0"},
				"down": {"uv": [8.86154, 10.58462, 9.36154, 11.08462], "texture": "#0"}
			}
		},
		{
			"from": [5, 0, 2],
			"to": [5.5, 1, 2.5],
			"faces": {
				"north": {"uv": [0, 0, 0.5, 1], "texture": "#1"},
				"east": {"uv": [0, 0, 0.5, 1], "texture": "#1"},
				"south": {"uv": [0, 0, 0.5, 1], "texture": "#1"},
				"west": {"uv": [0, 0, 0.5, 1], "texture": "#1"},
				"up": {"uv": [0, 0, 0.5, 0.5], "texture": "#1"},
				"down": {"uv": [0, 0, 0.5, 0.5], "texture": "#1"}
			}
		},
		{
			"from": [5, 0, 5.5],
			"to": [5.5, 1, 6],
			"faces": {
				"north": {"uv": [0, 0, 0.5, 1], "texture": "#1"},
				"east": {"uv": [0, 0, 0.5, 1], "texture": "#1"},
				"south": {"uv": [0, 0, 0.5, 1], "texture": "#1"},
				"west": {"uv": [0, 0, 0.5, 1], "texture": "#1"},
				"up": {"uv": [0, 0, 0.5, 0.5], "texture": "#1"},
				"down": {"uv": [0, 0, 0.5, 0.5], "texture": "#1"}
			}
		},
		{
			"from": [1.5, 0, 2],
			"to": [2, 1, 2.5],
			"faces": {
				"north": {"uv": [0, 0, 0.5, 1], "texture": "#1"},
				"east": {"uv": [0, 0, 0.5, 1], "texture": "#1"},
				"south": {"uv": [0, 0, 0.5, 1], "texture": "#1"},
				"west": {"uv": [0, 0, 0.5, 1], "texture": "#1"},
				"up": {"uv": [0, 0, 0.5, 0.5], "texture": "#1"},
				"down": {"uv": [0, 0, 0.5, 0.5], "texture": "#1"}
			}
		},
		{
			"from": [1.5, 0, 5.5],
			"to": [2, 1, 6],
			"faces": {
				"north": {"uv": [0, 0, 0.5, 1], "texture": "#1"},
				"east": {"uv": [0, 0, 0.5, 1], "texture": "#1"},
				"south": {"uv": [0, 0, 0.5, 1], "texture": "#1"},
				"west": {"uv": [0, 0, 0.5, 1], "texture": "#1"},
				"up": {"uv": [0, 0, 0.5, 0.5], "texture": "#1"},
				"down": {"uv": [0, 0, 0.5, 0.5], "texture": "#1"}
			}
		},
		{
			"from": [2, 0, 2.5],
			"to": [5, 0.7, 6],
			"faces": {
				"north": {"uv": [0, 0, 3, 0.7], "texture": "#1"},
				"east": {"uv": [0, 0, 3.5, 0.7], "texture": "#1"},
				"south": {"uv": [0, 0, 3, 0.7], "texture": "#1"},
				"west": {"uv": [0, 0, 3.5, 0.7], "texture": "#1"},
				"up": {"uv": [0, 0, 3, 3.5], "texture": "#1"},
				"down": {"uv": [0, 0, 3, 3.5], "texture": "#1"}
			}
		},
		{
			"from": [2, 0, 2],
			"to": [5, 0.7, 2.5],
			"faces": {
				"north": {"uv": [0, 0, 3, 0.7], "texture": "#1"},
				"east": {"uv": [0, 0, 0.5, 0.7], "texture": "#1"},
				"south": {"uv": [0, 0, 3, 0.7], "texture": "#1"},
				"west": {"uv": [0, 0, 0.5, 0.7], "texture": "#1"},
				"up": {"uv": [0, 0, 3, 0.5], "texture": "#1"},
				"down": {"uv": [0, 0, 3, 0.5], "texture": "#1"}
			}
		},
		{
			"from": [1.5, 0, 2.5],
			"to": [2, 0.7, 5.5],
			"faces": {
				"north": {"uv": [0, 0, 0.5, 0.7], "texture": "#1"},
				"east": {"uv": [0, 0, 3, 0.7], "texture": "#1"},
				"south": {"uv": [0, 0, 0.5, 0.7], "texture": "#1"},
				"west": {"uv": [0, 0, 3, 0.7], "texture": "#1"},
				"up": {"uv": [0, 0, 0.5, 3], "texture": "#1"},
				"down": {"uv": [0, 0, 0.5, 3], "texture": "#1"}
			}
		},
		{
			"from": [5, 0, 2.5],
			"to": [5.5, 0.7, 5.5],
			"faces": {
				"north": {"uv": [0, 0, 0.5, 0.7], "texture": "#1"},
				"east": {"uv": [0, 0, 3, 0.7], "texture": "#1"},
				"south": {"uv": [0, 0, 0.5, 0.7], "texture": "#1"},
				"west": {"uv": [0, 0, 3, 0.7], "texture": "#1"},
				"up": {"uv": [0, 0, 0.5, 3], "texture": "#1"},
				"down": {"uv": [0, 0, 0.5, 3], "texture": "#1"}
			}
		},
		{
			"from": [2, 0.6, 4.5],
			"to": [3, 1.6, 5.5],
			"faces": {
				"north": {"uv": [8.36923, 9.84615, 9.36923, 10.84615], "texture": "#0"},
				"east": {"uv": [10.09231, 11.56923, 11.09231, 12.56923], "texture": "#0"},
				"south": {"uv": [12.55385, 10.58462, 13.55385, 11.58462], "texture": "#0"},
				"west": {"uv": [11.81538, 11.56923, 12.81538, 12.56923], "texture": "#0"},
				"up": {"uv": [9.6, 10.09231, 10.6, 11.09231], "texture": "#0"},
				"down": {"uv": [7.13846, 9.84615, 8.13846, 10.84615], "texture": "#0"}
			}
		},
		{
			"from": [4, 0.6, 4.5],
			"to": [5, 1.6, 5.5],
			"faces": {
				"north": {"uv": [8.36923, 9.84615, 9.36923, 10.84615], "texture": "#0"},
				"east": {"uv": [10.09231, 11.56923, 11.09231, 12.56923], "texture": "#0"},
				"south": {"uv": [12.55385, 10.58462, 13.55385, 11.58462], "texture": "#0"},
				"west": {"uv": [11.81538, 11.56923, 12.81538, 12.56923], "texture": "#0"},
				"up": {"uv": [9.6, 10.09231, 10.6, 11.09231], "texture": "#0"},
				"down": {"uv": [7.13846, 9.84615, 8.13846, 10.84615], "texture": "#0"}
			}
		},
		{
			"from": [2, 0.6, 2.5],
			"to": [3, 1.6, 3.5],
			"faces": {
				"north": {"uv": [8.36923, 9.84615, 9.36923, 10.84615], "texture": "#0"},
				"east": {"uv": [10.09231, 11.56923, 11.09231, 12.56923], "texture": "#0"},
				"south": {"uv": [12.55385, 10.58462, 13.55385, 11.58462], "texture": "#0"},
				"west": {"uv": [11.81538, 11.56923, 12.81538, 12.56923], "texture": "#0"},
				"up": {"uv": [9.6, 10.09231, 10.6, 11.09231], "texture": "#0"},
				"down": {"uv": [7.13846, 9.84615, 8.13846, 10.84615], "texture": "#0"}
			}
		},
		{
			"from": [4, 0.6, 2.5],
			"to": [5, 1.6, 3.5],
			"faces": {
				"north": {"uv": [8.36923, 9.84615, 9.36923, 10.84615], "texture": "#0"},
				"east": {"uv": [10.09231, 11.56923, 11.09231, 12.56923], "texture": "#0"},
				"south": {"uv": [12.55385, 10.58462, 13.55385, 11.58462], "texture": "#0"},
				"west": {"uv": [11.81538, 11.56923, 12.81538, 12.56923], "texture": "#0"},
				"up": {"uv": [9.6, 10.09231, 10.6, 11.09231], "texture": "#0"},
				"down": {"uv": [7.13846, 9.84615, 8.13846, 10.84615], "texture": "#0"}
			}
		},
		{
			"from": [4, 0.6, 3.5],
			"to": [5, 2.6, 4.5],
			"faces": {
				"north": {"uv": [8.36923, 9.84615, 9.36923, 11.84615], "texture": "#0"},
				"east": {"uv": [10.09231, 11.56923, 11.09231, 13.56923], "texture": "#0"},
				"south": {"uv": [12.55385, 10.58462, 13.55385, 12.58462], "texture": "#0"},
				"west": {"uv": [11.81538, 11.56923, 12.81538, 13.56923], "texture": "#0"},
				"up": {"uv": [9.6, 10.09231, 10.6, 11.09231], "texture": "#0"},
				"down": {"uv": [7.13846, 9.84615, 8.13846, 10.84615], "texture": "#0"}
			}
		},
		{
			"from": [3, 0.6, 4.5],
			"to": [4, 2.6, 5.5],
			"faces": {
				"north": {"uv": [8.36923, 9.84615, 9.36923, 11.84615], "texture": "#0"},
				"east": {"uv": [10.09231, 11.56923, 11.09231, 13.56923], "texture": "#0"},
				"south": {"uv": [12.55385, 10.58462, 13.55385, 12.58462], "texture": "#0"},
				"west": {"uv": [11.81538, 11.56923, 12.81538, 13.56923], "texture": "#0"},
				"up": {"uv": [9.6, 10.09231, 10.6, 11.09231], "texture": "#0"},
				"down": {"uv": [7.13846, 9.84615, 8.13846, 10.84615], "texture": "#0"}
			}
		},
		{
			"from": [2, 0.6, 3.5],
			"to": [3, 2.6, 4.5],
			"faces": {
				"north": {"uv": [8.36923, 9.84615, 9.36923, 11.84615], "texture": "#0"},
				"east": {"uv": [10.09231, 11.56923, 11.09231, 13.56923], "texture": "#0"},
				"south": {"uv": [12.55385, 10.58462, 13.55385, 12.58462], "texture": "#0"},
				"west": {"uv": [11.81538, 11.56923, 12.81538, 13.56923], "texture": "#0"},
				"up": {"uv": [9.6, 10.09231, 10.6, 11.09231], "texture": "#0"},
				"down": {"uv": [7.13846, 9.84615, 8.13846, 10.84615], "texture": "#0"}
			}
		},
		{
			"from": [3, 0.6, 2.5],
			"to": [4, 2.6, 3.5],
			"faces": {
				"north": {"uv": [8.36923, 9.84615, 9.36923, 11.84615], "texture": "#0"},
				"east": {"uv": [10.09231, 11.56923, 11.09231, 13.56923], "texture": "#0"},
				"south": {"uv": [12.55385, 10.58462, 13.55385, 12.58462], "texture": "#0"},
				"west": {"uv": [11.81538, 11.56923, 12.81538, 13.56923], "texture": "#0"},
				"up": {"uv": [9.6, 10.09231, 10.6, 11.09231], "texture": "#0"},
				"down": {"uv": [7.13846, 9.84615, 8.13846, 10.84615], "texture": "#0"}
			}
		},
		{
			"from": [3, 0.6, 3.5],
			"to": [4, 3.1, 4.5],
			"faces": {
				"north": {"uv": [8.36923, 9.84615, 9.36923, 12.34615], "texture": "#0"},
				"east": {"uv": [10.09231, 11.56923, 11.09231, 14.06923], "texture": "#0"},
				"south": {"uv": [12.55385, 10.58462, 13.55385, 13.08462], "texture": "#0"},
				"west": {"uv": [11.81538, 11.56923, 12.81538, 14.06923], "texture": "#0"},
				"up": {"uv": [9.6, 10.09231, 10.6, 11.09231], "texture": "#0"},
				"down": {"uv": [7.13846, 9.84615, 8.13846, 10.84615], "texture": "#0"}
			}
		},
		{
			"from": [2.5, 1.6, 4.5],
			"to": [3, 2.1, 5],
			"faces": {
				"north": {"uv": [10.33846, 11.56923, 10.83846, 12.06923], "texture": "#0"},
				"east": {"uv": [9.84615, 10.09231, 10.34615, 10.59231], "texture": "#0"},
				"south": {"uv": [12.06154, 10.83077, 12.56154, 11.33077], "texture": "#0"},
				"west": {"uv": [11.81538, 11.56923, 12.31538, 12.06923], "texture": "#0"},
				"up": {"uv": [8.61538, 10.09231, 9.11538, 10.59231], "texture": "#0"},
				"down": {"uv": [8.86154, 10.58462, 9.36154, 11.08462], "texture": "#0"}
			}
		},
		{
			"from": [4, 1.6, 4.5],
			"to": [4.5, 2.1, 5],
			"faces": {
				"north": {"uv": [10.33846, 11.56923, 10.83846, 12.06923], "texture": "#0"},
				"east": {"uv": [9.84615, 10.09231, 10.34615, 10.59231], "texture": "#0"},
				"south": {"uv": [12.06154, 10.83077, 12.56154, 11.33077], "texture": "#0"},
				"west": {"uv": [11.81538, 11.56923, 12.31538, 12.06923], "texture": "#0"},
				"up": {"uv": [8.61538, 10.09231, 9.11538, 10.59231], "texture": "#0"},
				"down": {"uv": [8.86154, 10.58462, 9.36154, 11.08462], "texture": "#0"}
			}
		},
		{
			"from": [4, 1.6, 3],
			"to": [4.5, 2.1, 3.5],
			"faces": {
				"north": {"uv": [10.33846, 11.56923, 10.83846, 12.06923], "texture": "#0"},
				"east": {"uv": [9.84615, 10.09231, 10.34615, 10.59231], "texture": "#0"},
				"south": {"uv": [12.06154, 10.83077, 12.56154, 11.33077], "texture": "#0"},
				"west": {"uv": [11.81538, 11.56923, 12.31538, 12.06923], "texture": "#0"},
				"up": {"uv": [8.61538, 10.09231, 9.11538, 10.59231], "texture": "#0"},
				"down": {"uv": [8.86154, 10.58462, 9.36154, 11.08462], "texture": "#0"}
			}
		},
		{
			"from": [2.5, 1.6, 3],
			"to": [3, 2.1, 3.5],
			"faces": {
				"north": {"uv": [10.33846, 11.56923, 10.83846, 12.06923], "texture": "#0"},
				"east": {"uv": [9.84615, 10.09231, 10.34615, 10.59231], "texture": "#0"},
				"south": {"uv": [12.06154, 10.83077, 12.56154, 11.33077], "texture": "#0"},
				"west": {"uv": [11.81538, 11.56923, 12.31538, 12.06923], "texture": "#0"},
				"up": {"uv": [8.61538, 10.09231, 9.11538, 10.59231], "texture": "#0"},
				"down": {"uv": [8.86154, 10.58462, 9.36154, 11.08462], "texture": "#0"}
			}
		},
		{
			"from": [5, 0, 8],
			"to": [5.5, 1, 8.5],
			"faces": {
				"north": {"uv": [0, 0, 0.5, 1], "texture": "#1"},
				"east": {"uv": [0, 0, 0.5, 1], "texture": "#1"},
				"south": {"uv": [0, 0, 0.5, 1], "texture": "#1"},
				"west": {"uv": [0, 0, 0.5, 1], "texture": "#1"},
				"up": {"uv": [0, 0, 0.5, 0.5], "texture": "#1"},
				"down": {"uv": [0, 0, 0.5, 0.5], "texture": "#1"}
			}
		},
		{
			"from": [5, 0, 11.5],
			"to": [5.5, 1, 12],
			"faces": {
				"north": {"uv": [0, 0, 0.5, 1], "texture": "#1"},
				"east": {"uv": [0, 0, 0.5, 1], "texture": "#1"},
				"south": {"uv": [0, 0, 0.5, 1], "texture": "#1"},
				"west": {"uv": [0, 0, 0.5, 1], "texture": "#1"},
				"up": {"uv": [0, 0, 0.5, 0.5], "texture": "#1"},
				"down": {"uv": [0, 0, 0.5, 0.5], "texture": "#1"}
			}
		},
		{
			"from": [1.5, 0, 8],
			"to": [2, 1, 8.5],
			"faces": {
				"north": {"uv": [0, 0, 0.5, 1], "texture": "#1"},
				"east": {"uv": [0, 0, 0.5, 1], "texture": "#1"},
				"south": {"uv": [0, 0, 0.5, 1], "texture": "#1"},
				"west": {"uv": [0, 0, 0.5, 1], "texture": "#1"},
				"up": {"uv": [0, 0, 0.5, 0.5], "texture": "#1"},
				"down": {"uv": [0, 0, 0.5, 0.5], "texture": "#1"}
			}
		},
		{
			"from": [1.5, 0, 11.5],
			"to": [2, 1, 12],
			"faces": {
				"north": {"uv": [0, 0, 0.5, 1], "texture": "#1"},
				"east": {"uv": [0, 0, 0.5, 1], "texture": "#1"},
				"south": {"uv": [0, 0, 0.5, 1], "texture": "#1"},
				"west": {"uv": [0, 0, 0.5, 1], "texture": "#1"},
				"up": {"uv": [0, 0, 0.5, 0.5], "texture": "#1"},
				"down": {"uv": [0, 0, 0.5, 0.5], "texture": "#1"}
			}
		},
		{
			"from": [2, 0, 8.5],
			"to": [5, 0.7, 12],
			"faces": {
				"north": {"uv": [0, 0, 3, 0.7], "texture": "#1"},
				"east": {"uv": [0, 0, 3.5, 0.7], "texture": "#1"},
				"south": {"uv": [0, 0, 3, 0.7], "texture": "#1"},
				"west": {"uv": [0, 0, 3.5, 0.7], "texture": "#1"},
				"up": {"uv": [0, 0, 3, 3.5], "texture": "#1"},
				"down": {"uv": [0, 0, 3, 3.5], "texture": "#1"}
			}
		},
		{
			"from": [2, 0, 8],
			"to": [5, 0.7, 8.5],
			"faces": {
				"north": {"uv": [0, 0, 3, 0.7], "texture": "#1"},
				"east": {"uv": [0, 0, 0.5, 0.7], "texture": "#1"},
				"south": {"uv": [0, 0, 3, 0.7], "texture": "#1"},
				"west": {"uv": [0, 0, 0.5, 0.7], "texture": "#1"},
				"up": {"uv": [0, 0, 3, 0.5], "texture": "#1"},
				"down": {"uv": [0, 0, 3, 0.5], "texture": "#1"}
			}
		},
		{
			"from": [1.5, 0, 8.5],
			"to": [2, 0.7, 11.5],
			"faces": {
				"north": {"uv": [0, 0, 0.5, 0.7], "texture": "#1"},
				"east": {"uv": [0, 0, 3, 0.7], "texture": "#1"},
				"south": {"uv": [0, 0, 0.5, 0.7], "texture": "#1"},
				"west": {"uv": [0, 0, 3, 0.7], "texture": "#1"},
				"up": {"uv": [0, 0, 0.5, 3], "texture": "#1"},
				"down": {"uv": [0, 0, 0.5, 3], "texture": "#1"}
			}
		},
		{
			"from": [5, 0, 8.5],
			"to": [5.5, 0.7, 11.5],
			"faces": {
				"north": {"uv": [0, 0, 0.5, 0.7], "texture": "#1"},
				"east": {"uv": [0, 0, 3, 0.7], "texture": "#1"},
				"south": {"uv": [0, 0, 0.5, 0.7], "texture": "#1"},
				"west": {"uv": [0, 0, 3, 0.7], "texture": "#1"},
				"up": {"uv": [0, 0, 0.5, 3], "texture": "#1"},
				"down": {"uv": [0, 0, 0.5, 3], "texture": "#1"}
			}
		},
		{
			"from": [2, 0.6, 10.5],
			"to": [3, 1.6, 11.5],
			"faces": {
				"north": {"uv": [8.36923, 9.84615, 9.36923, 10.84615], "texture": "#0"},
				"east": {"uv": [10.09231, 11.56923, 11.09231, 12.56923], "texture": "#0"},
				"south": {"uv": [12.55385, 10.58462, 13.55385, 11.58462], "texture": "#0"},
				"west": {"uv": [11.81538, 11.56923, 12.81538, 12.56923], "texture": "#0"},
				"up": {"uv": [9.6, 10.09231, 10.6, 11.09231], "texture": "#0"},
				"down": {"uv": [7.13846, 9.84615, 8.13846, 10.84615], "texture": "#0"}
			}
		},
		{
			"from": [4, 0.6, 10.5],
			"to": [5, 1.6, 11.5],
			"faces": {
				"north": {"uv": [8.36923, 9.84615, 9.36923, 10.84615], "texture": "#0"},
				"east": {"uv": [10.09231, 11.56923, 11.09231, 12.56923], "texture": "#0"},
				"south": {"uv": [12.55385, 10.58462, 13.55385, 11.58462], "texture": "#0"},
				"west": {"uv": [11.81538, 11.56923, 12.81538, 12.56923], "texture": "#0"},
				"up": {"uv": [9.6, 10.09231, 10.6, 11.09231], "texture": "#0"},
				"down": {"uv": [7.13846, 9.84615, 8.13846, 10.84615], "texture": "#0"}
			}
		},
		{
			"from": [2, 0.6, 8.5],
			"to": [3, 1.6, 9.5],
			"faces": {
				"north": {"uv": [8.36923, 9.84615, 9.36923, 10.84615], "texture": "#0"},
				"east": {"uv": [10.09231, 11.56923, 11.09231, 12.56923], "texture": "#0"},
				"south": {"uv": [12.55385, 10.58462, 13.55385, 11.58462], "texture": "#0"},
				"west": {"uv": [11.81538, 11.56923, 12.81538, 12.56923], "texture": "#0"},
				"up": {"uv": [9.6, 10.09231, 10.6, 11.09231], "texture": "#0"},
				"down": {"uv": [7.13846, 9.84615, 8.13846, 10.84615], "texture": "#0"}
			}
		},
		{
			"from": [4, 0.6, 8.5],
			"to": [5, 1.6, 9.5],
			"faces": {
				"north": {"uv": [8.36923, 9.84615, 9.36923, 10.84615], "texture": "#0"},
				"east": {"uv": [10.09231, 11.56923, 11.09231, 12.56923], "texture": "#0"},
				"south": {"uv": [12.55385, 10.58462, 13.55385, 11.58462], "texture": "#0"},
				"west": {"uv": [11.81538, 11.56923, 12.81538, 12.56923], "texture": "#0"},
				"up": {"uv": [9.6, 10.09231, 10.6, 11.09231], "texture": "#0"},
				"down": {"uv": [7.13846, 9.84615, 8.13846, 10.84615], "texture": "#0"}
			}
		},
		{
			"from": [4, 0.6, 9.5],
			"to": [5, 2.6, 10.5],
			"faces": {
				"north": {"uv": [8.36923, 9.84615, 9.36923, 11.84615], "texture": "#0"},
				"east": {"uv": [10.09231, 11.56923, 11.09231, 13.56923], "texture": "#0"},
				"south": {"uv": [12.55385, 10.58462, 13.55385, 12.58462], "texture": "#0"},
				"west": {"uv": [11.81538, 11.56923, 12.81538, 13.56923], "texture": "#0"},
				"up": {"uv": [9.6, 10.09231, 10.6, 11.09231], "texture": "#0"},
				"down": {"uv": [7.13846, 9.84615, 8.13846, 10.84615], "texture": "#0"}
			}
		},
		{
			"from": [3, 0.6, 10.5],
			"to": [4, 2.6, 11.5],
			"faces": {
				"north": {"uv": [8.36923, 9.84615, 9.36923, 11.84615], "texture": "#0"},
				"east": {"uv": [10.09231, 11.56923, 11.09231, 13.56923], "texture": "#0"},
				"south": {"uv": [12.55385, 10.58462, 13.55385, 12.58462], "texture": "#0"},
				"west": {"uv": [11.81538, 11.56923, 12.81538, 13.56923], "texture": "#0"},
				"up": {"uv": [9.6, 10.09231, 10.6, 11.09231], "texture": "#0"},
				"down": {"uv": [7.13846, 9.84615, 8.13846, 10.84615], "texture": "#0"}
			}
		},
		{
			"from": [2, 0.6, 9.5],
			"to": [3, 2.6, 10.5],
			"faces": {
				"north": {"uv": [8.36923, 9.84615, 9.36923, 11.84615], "texture": "#0"},
				"east": {"uv": [10.09231, 11.56923, 11.09231, 13.56923], "texture": "#0"},
				"south": {"uv": [12.55385, 10.58462, 13.55385, 12.58462], "texture": "#0"},
				"west": {"uv": [11.81538, 11.56923, 12.81538, 13.56923], "texture": "#0"},
				"up": {"uv": [9.6, 10.09231, 10.6, 11.09231], "texture": "#0"},
				"down": {"uv": [7.13846, 9.84615, 8.13846, 10.84615], "texture": "#0"}
			}
		},
		{
			"from": [3, 0.6, 8.5],
			"to": [4, 2.6, 9.5],
			"faces": {
				"north": {"uv": [8.36923, 9.84615, 9.36923, 11.84615], "texture": "#0"},
				"east": {"uv": [10.09231, 11.56923, 11.09231, 13.56923], "texture": "#0"},
				"south": {"uv": [12.55385, 10.58462, 13.55385, 12.58462], "texture": "#0"},
				"west": {"uv": [11.81538, 11.56923, 12.81538, 13.56923], "texture": "#0"},
				"up": {"uv": [9.6, 10.09231, 10.6, 11.09231], "texture": "#0"},
				"down": {"uv": [7.13846, 9.84615, 8.13846, 10.84615], "texture": "#0"}
			}
		},
		{
			"from": [3, 0.6, 9.5],
			"to": [4, 3.1, 10.5],
			"faces": {
				"north": {"uv": [8.36923, 9.84615, 9.36923, 12.34615], "texture": "#0"},
				"east": {"uv": [10.09231, 11.56923, 11.09231, 14.06923], "texture": "#0"},
				"south": {"uv": [12.55385, 10.58462, 13.55385, 13.08462], "texture": "#0"},
				"west": {"uv": [11.81538, 11.56923, 12.81538, 14.06923], "texture": "#0"},
				"up": {"uv": [9.6, 10.09231, 10.6, 11.09231], "texture": "#0"},
				"down": {"uv": [7.13846, 9.84615, 8.13846, 10.84615], "texture": "#0"}
			}
		},
		{
			"from": [2.5, 1.6, 10.5],
			"to": [3, 2.1, 11],
			"faces": {
				"north": {"uv": [10.33846, 11.56923, 10.83846, 12.06923], "texture": "#0"},
				"east": {"uv": [9.84615, 10.09231, 10.34615, 10.59231], "texture": "#0"},
				"south": {"uv": [12.06154, 10.83077, 12.56154, 11.33077], "texture": "#0"},
				"west": {"uv": [11.81538, 11.56923, 12.31538, 12.06923], "texture": "#0"},
				"up": {"uv": [8.61538, 10.09231, 9.11538, 10.59231], "texture": "#0"},
				"down": {"uv": [8.86154, 10.58462, 9.36154, 11.08462], "texture": "#0"}
			}
		},
		{
			"from": [4, 1.6, 10.5],
			"to": [4.5, 2.1, 11],
			"faces": {
				"north": {"uv": [10.33846, 11.56923, 10.83846, 12.06923], "texture": "#0"},
				"east": {"uv": [9.84615, 10.09231, 10.34615, 10.59231], "texture": "#0"},
				"south": {"uv": [12.06154, 10.83077, 12.56154, 11.33077], "texture": "#0"},
				"west": {"uv": [11.81538, 11.56923, 12.31538, 12.06923], "texture": "#0"},
				"up": {"uv": [8.61538, 10.09231, 9.11538, 10.59231], "texture": "#0"},
				"down": {"uv": [8.86154, 10.58462, 9.36154, 11.08462], "texture": "#0"}
			}
		},
		{
			"from": [4, 1.6, 9],
			"to": [4.5, 2.1, 9.5],
			"faces": {
				"north": {"uv": [10.33846, 11.56923, 10.83846, 12.06923], "texture": "#0"},
				"east": {"uv": [9.84615, 10.09231, 10.34615, 10.59231], "texture": "#0"},
				"south": {"uv": [12.06154, 10.83077, 12.56154, 11.33077], "texture": "#0"},
				"west": {"uv": [11.81538, 11.56923, 12.31538, 12.06923], "texture": "#0"},
				"up": {"uv": [8.61538, 10.09231, 9.11538, 10.59231], "texture": "#0"},
				"down": {"uv": [8.86154, 10.58462, 9.36154, 11.08462], "texture": "#0"}
			}
		},
		{
			"from": [2.5, 1.6, 9],
			"to": [3, 2.1, 9.5],
			"faces": {
				"north": {"uv": [10.33846, 11.56923, 10.83846, 12.06923], "texture": "#0"},
				"east": {"uv": [9.84615, 10.09231, 10.34615, 10.59231], "texture": "#0"},
				"south": {"uv": [12.06154, 10.83077, 12.56154, 11.33077], "texture": "#0"},
				"west": {"uv": [11.81538, 11.56923, 12.31538, 12.06923], "texture": "#0"},
				"up": {"uv": [8.61538, 10.09231, 9.11538, 10.59231], "texture": "#0"},
				"down": {"uv": [8.86154, 10.58462, 9.36154, 11.08462], "texture": "#0"}
			}
		},
		{
			"from": [5, 0, 14],
			"to": [5.5, 1, 14.5],
			"faces": {
				"north": {"uv": [0, 0, 0.5, 1], "texture": "#1"},
				"east": {"uv": [0, 0, 0.5, 1], "texture": "#1"},
				"south": {"uv": [0, 0, 0.5, 1], "texture": "#1"},
				"west": {"uv": [0, 0, 0.5, 1], "texture": "#1"},
				"up": {"uv": [0, 0, 0.5, 0.5], "texture": "#1"},
				"down": {"uv": [0, 0, 0.5, 0.5], "texture": "#1"}
			}
		},
		{
			"from": [5, 0, 17.5],
			"to": [5.5, 1, 18],
			"faces": {
				"north": {"uv": [0, 0, 0.5, 1], "texture": "#1"},
				"east": {"uv": [0, 0, 0.5, 1], "texture": "#1"},
				"south": {"uv": [0, 0, 0.5, 1], "texture": "#1"},
				"west": {"uv": [0, 0, 0.5, 1], "texture": "#1"},
				"up": {"uv": [0, 0, 0.5, 0.5], "texture": "#1"},
				"down": {"uv": [0, 0, 0.5, 0.5], "texture": "#1"}
			}
		},
		{
			"from": [1.5, 0, 14],
			"to": [2, 1, 14.5],
			"faces": {
				"north": {"uv": [0, 0, 0.5, 1], "texture": "#1"},
				"east": {"uv": [0, 0, 0.5, 1], "texture": "#1"},
				"south": {"uv": [0, 0, 0.5, 1], "texture": "#1"},
				"west": {"uv": [0, 0, 0.5, 1], "texture": "#1"},
				"up": {"uv": [0, 0, 0.5, 0.5], "texture": "#1"},
				"down": {"uv": [0, 0, 0.5, 0.5], "texture": "#1"}
			}
		},
		{
			"from": [1.5, 0, 17.5],
			"to": [2, 1, 18],
			"faces": {
				"north": {"uv": [0, 0, 0.5, 1], "texture": "#1"},
				"east": {"uv": [0, 0, 0.5, 1], "texture": "#1"},
				"south": {"uv": [0, 0, 0.5, 1], "texture": "#1"},
				"west": {"uv": [0, 0, 0.5, 1], "texture": "#1"},
				"up": {"uv": [0, 0, 0.5, 0.5], "texture": "#1"},
				"down": {"uv": [0, 0, 0.5, 0.5], "texture": "#1"}
			}
		},
		{
			"from": [2, 0, 14.5],
			"to": [5, 0.7, 18],
			"faces": {
				"north": {"uv": [0, 0, 3, 0.7], "texture": "#1"},
				"east": {"uv": [0, 0, 3.5, 0.7], "texture": "#1"},
				"south": {"uv": [0, 0, 3, 0.7], "texture": "#1"},
				"west": {"uv": [0, 0, 3.5, 0.7], "texture": "#1"},
				"up": {"uv": [0, 0, 3, 3.5], "texture": "#1"},
				"down": {"uv": [0, 0, 3, 3.5], "texture": "#1"}
			}
		},
		{
			"from": [2, 0, 14],
			"to": [5, 0.7, 14.5],
			"faces": {
				"north": {"uv": [0, 0, 3, 0.7], "texture": "#1"},
				"east": {"uv": [0, 0, 0.5, 0.7], "texture": "#1"},
				"south": {"uv": [0, 0, 3, 0.7], "texture": "#1"},
				"west": {"uv": [0, 0, 0.5, 0.7], "texture": "#1"},
				"up": {"uv": [0, 0, 3, 0.5], "texture": "#1"},
				"down": {"uv": [0, 0, 3, 0.5], "texture": "#1"}
			}
		},
		{
			"from": [1.5, 0, 14.5],
			"to": [2, 0.7, 17.5],
			"faces": {
				"north": {"uv": [0, 0, 0.5, 0.7], "texture": "#1"},
				"east": {"uv": [0, 0, 3, 0.7], "texture": "#1"},
				"south": {"uv": [0, 0, 0.5, 0.7], "texture": "#1"},
				"west": {"uv": [0, 0, 3, 0.7], "texture": "#1"},
				"up": {"uv": [0, 0, 0.5, 3], "texture": "#1"},
				"down": {"uv": [0, 0, 0.5, 3], "texture": "#1"}
			}
		},
		{
			"from": [5, 0, 14.5],
			"to": [5.5, 0.7, 17.5],
			"faces": {
				"north": {"uv": [0, 0, 0.5, 0.7], "texture": "#1"},
				"east": {"uv": [0, 0, 3, 0.7], "texture": "#1"},
				"south": {"uv": [0, 0, 0.5, 0.7], "texture": "#1"},
				"west": {"uv": [0, 0, 3, 0.7], "texture": "#1"},
				"up": {"uv": [0, 0, 0.5, 3], "texture": "#1"},
				"down": {"uv": [0, 0, 0.5, 3], "texture": "#1"}
			}
		},
		{
			"from": [2, 0.6, 16.5],
			"to": [3, 1.6, 17.5],
			"faces": {
				"north": {"uv": [8.36923, 9.84615, 9.36923, 10.84615], "texture": "#0"},
				"east": {"uv": [10.09231, 11.56923, 11.09231, 12.56923], "texture": "#0"},
				"south": {"uv": [12.55385, 10.58462, 13.55385, 11.58462], "texture": "#0"},
				"west": {"uv": [11.81538, 11.56923, 12.81538, 12.56923], "texture": "#0"},
				"up": {"uv": [9.6, 10.09231, 10.6, 11.09231], "texture": "#0"},
				"down": {"uv": [7.13846, 9.84615, 8.13846, 10.84615], "texture": "#0"}
			}
		},
		{
			"from": [4, 0.6, 16.5],
			"to": [5, 1.6, 17.5],
			"faces": {
				"north": {"uv": [8.36923, 9.84615, 9.36923, 10.84615], "texture": "#0"},
				"east": {"uv": [10.09231, 11.56923, 11.09231, 12.56923], "texture": "#0"},
				"south": {"uv": [12.55385, 10.58462, 13.55385, 11.58462], "texture": "#0"},
				"west": {"uv": [11.81538, 11.56923, 12.81538, 12.56923], "texture": "#0"},
				"up": {"uv": [9.6, 10.09231, 10.6, 11.09231], "texture": "#0"},
				"down": {"uv": [7.13846, 9.84615, 8.13846, 10.84615], "texture": "#0"}
			}
		},
		{
			"from": [2, 0.6, 14.5],
			"to": [3, 1.6, 15.5],
			"faces": {
				"north": {"uv": [8.36923, 9.84615, 9.36923, 10.84615], "texture": "#0"},
				"east": {"uv": [10.09231, 11.56923, 11.09231, 12.56923], "texture": "#0"},
				"south": {"uv": [12.55385, 10.58462, 13.55385, 11.58462], "texture": "#0"},
				"west": {"uv": [11.81538, 11.56923, 12.81538, 12.56923], "texture": "#0"},
				"up": {"uv": [9.6, 10.09231, 10.6, 11.09231], "texture": "#0"},
				"down": {"uv": [7.13846, 9.84615, 8.13846, 10.84615], "texture": "#0"}
			}
		},
		{
			"from": [4, 0.6, 14.5],
			"to": [5, 1.6, 15.5],
			"faces": {
				"north": {"uv": [8.36923, 9.84615, 9.36923, 10.84615], "texture": "#0"},
				"east": {"uv": [10.09231, 11.56923, 11.09231, 12.56923], "texture": "#0"},
				"south": {"uv": [12.55385, 10.58462, 13.55385, 11.58462], "texture": "#0"},
				"west": {"uv": [11.81538, 11.56923, 12.81538, 12.56923], "texture": "#0"},
				"up": {"uv": [9.6, 10.09231, 10.6, 11.09231], "texture": "#0"},
				"down": {"uv": [7.13846, 9.84615, 8.13846, 10.84615], "texture": "#0"}
			}
		},
		{
			"from": [4, 0.6, 15.5],
			"to": [5, 2.6, 16.5],
			"faces": {
				"north": {"uv": [8.36923, 9.84615, 9.36923, 11.84615], "texture": "#0"},
				"east": {"uv": [10.09231, 11.56923, 11.09231, 13.56923], "texture": "#0"},
				"south": {"uv": [12.55385, 10.58462, 13.55385, 12.58462], "texture": "#0"},
				"west": {"uv": [11.81538, 11.56923, 12.81538, 13.56923], "texture": "#0"},
				"up": {"uv": [9.6, 10.09231, 10.6, 11.09231], "texture": "#0"},
				"down": {"uv": [7.13846, 9.84615, 8.13846, 10.84615], "texture": "#0"}
			}
		},
		{
			"from": [3, 0.6, 16.5],
			"to": [4, 2.6, 17.5],
			"faces": {
				"north": {"uv": [8.36923, 9.84615, 9.36923, 11.84615], "texture": "#0"},
				"east": {"uv": [10.09231, 11.56923, 11.09231, 13.56923], "texture": "#0"},
				"south": {"uv": [12.55385, 10.58462, 13.55385, 12.58462], "texture": "#0"},
				"west": {"uv": [11.81538, 11.56923, 12.81538, 13.56923], "texture": "#0"},
				"up": {"uv": [9.6, 10.09231, 10.6, 11.09231], "texture": "#0"},
				"down": {"uv": [7.13846, 9.84615, 8.13846, 10.84615], "texture": "#0"}
			}
		},
		{
			"from": [2, 0.6, 15.5],
			"to": [3, 2.6, 16.5],
			"faces": {
				"north": {"uv": [8.36923, 9.84615, 9.36923, 11.84615], "texture": "#0"},
				"east": {"uv": [10.09231, 11.56923, 11.09231, 13.56923], "texture": "#0"},
				"south": {"uv": [12.55385, 10.58462, 13.55385, 12.58462], "texture": "#0"},
				"west": {"uv": [11.81538, 11.56923, 12.81538, 13.56923], "texture": "#0"},
				"up": {"uv": [9.6, 10.09231, 10.6, 11.09231], "texture": "#0"},
				"down": {"uv": [7.13846, 9.84615, 8.13846, 10.84615], "texture": "#0"}
			}
		},
		{
			"from": [3, 0.6, 14.5],
			"to": [4, 2.6, 15.5],
			"faces": {
				"north": {"uv": [8.36923, 9.84615, 9.36923, 11.84615], "texture": "#0"},
				"east": {"uv": [10.09231, 11.56923, 11.09231, 13.56923], "texture": "#0"},
				"south": {"uv": [12.55385, 10.58462, 13.55385, 12.58462], "texture": "#0"},
				"west": {"uv": [11.81538, 11.56923, 12.81538, 13.56923], "texture": "#0"},
				"up": {"uv": [9.6, 10.09231, 10.6, 11.09231], "texture": "#0"},
				"down": {"uv": [7.13846, 9.84615, 8.13846, 10.84615], "texture": "#0"}
			}
		},
		{
			"from": [3, 0.6, 15.5],
			"to": [4, 3.1, 16.5],
			"faces": {
				"north": {"uv": [8.36923, 9.84615, 9.36923, 12.34615], "texture": "#0"},
				"east": {"uv": [10.09231, 11.56923, 11.09231, 14.06923], "texture": "#0"},
				"south": {"uv": [12.55385, 10.58462, 13.55385, 13.08462], "texture": "#0"},
				"west": {"uv": [11.81538, 11.56923, 12.81538, 14.06923], "texture": "#0"},
				"up": {"uv": [9.6, 10.09231, 10.6, 11.09231], "texture": "#0"},
				"down": {"uv": [7.13846, 9.84615, 8.13846, 10.84615], "texture": "#0"}
			}
		},
		{
			"from": [2.5, 1.6, 16.5],
			"to": [3, 2.1, 17],
			"faces": {
				"north": {"uv": [10.33846, 11.56923, 10.83846, 12.06923], "texture": "#0"},
				"east": {"uv": [9.84615, 10.09231, 10.34615, 10.59231], "texture": "#0"},
				"south": {"uv": [12.06154, 10.83077, 12.56154, 11.33077], "texture": "#0"},
				"west": {"uv": [11.81538, 11.56923, 12.31538, 12.06923], "texture": "#0"},
				"up": {"uv": [8.61538, 10.09231, 9.11538, 10.59231], "texture": "#0"},
				"down": {"uv": [8.86154, 10.58462, 9.36154, 11.08462], "texture": "#0"}
			}
		},
		{
			"from": [4, 1.6, 16.5],
			"to": [4.5, 2.1, 17],
			"faces": {
				"north": {"uv": [10.33846, 11.56923, 10.83846, 12.06923], "texture": "#0"},
				"east": {"uv": [9.84615, 10.09231, 10.34615, 10.59231], "texture": "#0"},
				"south": {"uv": [12.06154, 10.83077, 12.56154, 11.33077], "texture": "#0"},
				"west": {"uv": [11.81538, 11.56923, 12.31538, 12.06923], "texture": "#0"},
				"up": {"uv": [8.61538, 10.09231, 9.11538, 10.59231], "texture": "#0"},
				"down": {"uv": [8.86154, 10.58462, 9.36154, 11.08462], "texture": "#0"}
			}
		},
		{
			"from": [4, 1.6, 15],
			"to": [4.5, 2.1, 15.5],
			"faces": {
				"north": {"uv": [10.33846, 11.56923, 10.83846, 12.06923], "texture": "#0"},
				"east": {"uv": [9.84615, 10.09231, 10.34615, 10.59231], "texture": "#0"},
				"south": {"uv": [12.06154, 10.83077, 12.56154, 11.33077], "texture": "#0"},
				"west": {"uv": [11.81538, 11.56923, 12.31538, 12.06923], "texture": "#0"},
				"up": {"uv": [8.61538, 10.09231, 9.11538, 10.59231], "texture": "#0"},
				"down": {"uv": [8.86154, 10.58462, 9.36154, 11.08462], "texture": "#0"}
			}
		},
		{
			"from": [2.5, 1.6, 15],
			"to": [3, 2.1, 15.5],
			"faces": {
				"north": {"uv": [10.33846, 11.56923, 10.83846, 12.06923], "texture": "#0"},
				"east": {"uv": [9.84615, 10.09231, 10.34615, 10.59231], "texture": "#0"},
				"south": {"uv": [12.06154, 10.83077, 12.56154, 11.33077], "texture": "#0"},
				"west": {"uv": [11.81538, 11.56923, 12.31538, 12.06923], "texture": "#0"},
				"up": {"uv": [8.61538, 10.09231, 9.11538, 10.59231], "texture": "#0"},
				"down": {"uv": [8.86154, 10.58462, 9.36154, 11.08462], "texture": "#0"}
			}
		},
		{
			"from": [5, 0, 20],
			"to": [5.5, 1, 20.5],
			"faces": {
				"north": {"uv": [0, 0, 0.5, 1], "texture": "#1"},
				"east": {"uv": [0, 0, 0.5, 1], "texture": "#1"},
				"south": {"uv": [0, 0, 0.5, 1], "texture": "#1"},
				"west": {"uv": [0, 0, 0.5, 1], "texture": "#1"},
				"up": {"uv": [0, 0, 0.5, 0.5], "texture": "#1"},
				"down": {"uv": [0, 0, 0.5, 0.5], "texture": "#1"}
			}
		},
		{
			"from": [5, 0, 23.5],
			"to": [5.5, 1, 24],
			"faces": {
				"north": {"uv": [0, 0, 0.5, 1], "texture": "#1"},
				"east": {"uv": [0, 0, 0.5, 1], "texture": "#1"},
				"south": {"uv": [0, 0, 0.5, 1], "texture": "#1"},
				"west": {"uv": [0, 0, 0.5, 1], "texture": "#1"},
				"up": {"uv": [0, 0, 0.5, 0.5], "texture": "#1"},
				"down": {"uv": [0, 0, 0.5, 0.5], "texture": "#1"}
			}
		},
		{
			"from": [1.5, 0, 20],
			"to": [2, 1, 20.5],
			"faces": {
				"north": {"uv": [0, 0, 0.5, 1], "texture": "#1"},
				"east": {"uv": [0, 0, 0.5, 1], "texture": "#1"},
				"south": {"uv": [0, 0, 0.5, 1], "texture": "#1"},
				"west": {"uv": [0, 0, 0.5, 1], "texture": "#1"},
				"up": {"uv": [0, 0, 0.5, 0.5], "texture": "#1"},
				"down": {"uv": [0, 0, 0.5, 0.5], "texture": "#1"}
			}
		},
		{
			"from": [1.5, 0, 23.5],
			"to": [2, 1, 24],
			"faces": {
				"north": {"uv": [0, 0, 0.5, 1], "texture": "#1"},
				"east": {"uv": [0, 0, 0.5, 1], "texture": "#1"},
				"south": {"uv": [0, 0, 0.5, 1], "texture": "#1"},
				"west": {"uv": [0, 0, 0.5, 1], "texture": "#1"},
				"up": {"uv": [0, 0, 0.5, 0.5], "texture": "#1"},
				"down": {"uv": [0, 0, 0.5, 0.5], "texture": "#1"}
			}
		},
		{
			"from": [2, 0, 20.5],
			"to": [5, 0.7, 24],
			"faces": {
				"north": {"uv": [0, 0, 3, 0.7], "texture": "#1"},
				"east": {"uv": [0, 0, 3.5, 0.7], "texture": "#1"},
				"south": {"uv": [0, 0, 3, 0.7], "texture": "#1"},
				"west": {"uv": [0, 0, 3.5, 0.7], "texture": "#1"},
				"up": {"uv": [0, 0, 3, 3.5], "texture": "#1"},
				"down": {"uv": [0, 0, 3, 3.5], "texture": "#1"}
			}
		},
		{
			"from": [2, 0, 20],
			"to": [5, 0.7, 20.5],
			"faces": {
				"north": {"uv": [0, 0, 3, 0.7], "texture": "#1"},
				"east": {"uv": [0, 0, 0.5, 0.7], "texture": "#1"},
				"south": {"uv": [0, 0, 3, 0.7], "texture": "#1"},
				"west": {"uv": [0, 0, 0.5, 0.7], "texture": "#1"},
				"up": {"uv": [0, 0, 3, 0.5], "texture": "#1"},
				"down": {"uv": [0, 0, 3, 0.5], "texture": "#1"}
			}
		},
		{
			"from": [1.5, 0, 20.5],
			"to": [2, 0.7, 23.5],
			"faces": {
				"north": {"uv": [0, 0, 0.5, 0.7], "texture": "#1"},
				"east": {"uv": [0, 0, 3, 0.7], "texture": "#1"},
				"south": {"uv": [0, 0, 0.5, 0.7], "texture": "#1"},
				"west": {"uv": [0, 0, 3, 0.7], "texture": "#1"},
				"up": {"uv": [0, 0, 0.5, 3], "texture": "#1"},
				"down": {"uv": [0, 0, 0.5, 3], "texture": "#1"}
			}
		},
		{
			"from": [5, 0, 20.5],
			"to": [5.5, 0.7, 23.5],
			"faces": {
				"north": {"uv": [0, 0, 0.5, 0.7], "texture": "#1"},
				"east": {"uv": [0, 0, 3, 0.7], "texture": "#1"},
				"south": {"uv": [0, 0, 0.5, 0.7], "texture": "#1"},
				"west": {"uv": [0, 0, 3, 0.7], "texture": "#1"},
				"up": {"uv": [0, 0, 0.5, 3], "texture": "#1"},
				"down": {"uv": [0, 0, 0.5, 3], "texture": "#1"}
			}
		},
		{
			"from": [2, 0.6, 22.5],
			"to": [3, 1.6, 23.5],
			"faces": {
				"north": {"uv": [8.36923, 9.84615, 9.36923, 10.84615], "texture": "#0"},
				"east": {"uv": [10.09231, 11.56923, 11.09231, 12.56923], "texture": "#0"},
				"south": {"uv": [12.55385, 10.58462, 13.55385, 11.58462], "texture": "#0"},
				"west": {"uv": [11.81538, 11.56923, 12.81538, 12.56923], "texture": "#0"},
				"up": {"uv": [9.6, 10.09231, 10.6, 11.09231], "texture": "#0"},
				"down": {"uv": [7.13846, 9.84615, 8.13846, 10.84615], "texture": "#0"}
			}
		},
		{
			"from": [4, 0.6, 22.5],
			"to": [5, 1.6, 23.5],
			"faces": {
				"north": {"uv": [8.36923, 9.84615, 9.36923, 10.84615], "texture": "#0"},
				"east": {"uv": [10.09231, 11.56923, 11.09231, 12.56923], "texture": "#0"},
				"south": {"uv": [12.55385, 10.58462, 13.55385, 11.58462], "texture": "#0"},
				"west": {"uv": [11.81538, 11.56923, 12.81538, 12.56923], "texture": "#0"},
				"up": {"uv": [9.6, 10.09231, 10.6, 11.09231], "texture": "#0"},
				"down": {"uv": [7.13846, 9.84615, 8.13846, 10.84615], "texture": "#0"}
			}
		},
		{
			"from": [2, 0.6, 20.5],
			"to": [3, 1.6, 21.5],
			"faces": {
				"north": {"uv": [8.36923, 9.84615, 9.36923, 10.84615], "texture": "#0"},
				"east": {"uv": [10.09231, 11.56923, 11.09231, 12.56923], "texture": "#0"},
				"south": {"uv": [12.55385, 10.58462, 13.55385, 11.58462], "texture": "#0"},
				"west": {"uv": [11.81538, 11.56923, 12.81538, 12.56923], "texture": "#0"},
				"up": {"uv": [9.6, 10.09231, 10.6, 11.09231], "texture": "#0"},
				"down": {"uv": [7.13846, 9.84615, 8.13846, 10.84615], "texture": "#0"}
			}
		},
		{
			"from": [4, 0.6, 20.5],
			"to": [5, 1.6, 21.5],
			"faces": {
				"north": {"uv": [8.36923, 9.84615, 9.36923, 10.84615], "texture": "#0"},
				"east": {"uv": [10.09231, 11.56923, 11.09231, 12.56923], "texture": "#0"},
				"south": {"uv": [12.55385, 10.58462, 13.55385, 11.58462], "texture": "#0"},
				"west": {"uv": [11.81538, 11.56923, 12.81538, 12.56923], "texture": "#0"},
				"up": {"uv": [9.6, 10.09231, 10.6, 11.09231], "texture": "#0"},
				"down": {"uv": [7.13846, 9.84615, 8.13846, 10.84615], "texture": "#0"}
			}
		},
		{
			"from": [4, 0.6, 21.5],
			"to": [5, 2.6, 22.5],
			"faces": {
				"north": {"uv": [8.36923, 9.84615, 9.36923, 11.84615], "texture": "#0"},
				"east": {"uv": [10.09231, 11.56923, 11.09231, 13.56923], "texture": "#0"},
				"south": {"uv": [12.55385, 10.58462, 13.55385, 12.58462], "texture": "#0"},
				"west": {"uv": [11.81538, 11.56923, 12.81538, 13.56923], "texture": "#0"},
				"up": {"uv": [9.6, 10.09231, 10.6, 11.09231], "texture": "#0"},
				"down": {"uv": [7.13846, 9.84615, 8.13846, 10.84615], "texture": "#0"}
			}
		},
		{
			"from": [3, 0.6, 22.5],
			"to": [4, 2.6, 23.5],
			"faces": {
				"north": {"uv": [8.36923, 9.84615, 9.36923, 11.84615], "texture": "#0"},
				"east": {"uv": [10.09231, 11.56923, 11.09231, 13.56923], "texture": "#0"},
				"south": {"uv": [12.55385, 10.58462, 13.55385, 12.58462], "texture": "#0"},
				"west": {"uv": [11.81538, 11.56923, 12.81538, 13.56923], "texture": "#0"},
				"up": {"uv": [9.6, 10.09231, 10.6, 11.09231], "texture": "#0"},
				"down": {"uv": [7.13846, 9.84615, 8.13846, 10.84615], "texture": "#0"}
			}
		},
		{
			"from": [2, 0.6, 21.5],
			"to": [3, 2.6, 22.5],
			"faces": {
				"north": {"uv": [8.36923, 9.84615, 9.36923, 11.84615], "texture": "#0"},
				"east": {"uv": [10.09231, 11.56923, 11.09231, 13.56923], "texture": "#0"},
				"south": {"uv": [12.55385, 10.58462, 13.55385, 12.58462], "texture": "#0"},
				"west": {"uv": [11.81538, 11.56923, 12.81538, 13.56923], "texture": "#0"},
				"up": {"uv": [9.6, 10.09231, 10.6, 11.09231], "texture": "#0"},
				"down": {"uv": [7.13846, 9.84615, 8.13846, 10.84615], "texture": "#0"}
			}
		},
		{
			"from": [3, 0.6, 20.5],
			"to": [4, 2.6, 21.5],
			"faces": {
				"north": {"uv": [8.36923, 9.84615, 9.36923, 11.84615], "texture": "#0"},
				"east": {"uv": [10.09231, 11.56923, 11.09231, 13.56923], "texture": "#0"},
				"south": {"uv": [12.55385, 10.58462, 13.55385, 12.58462], "texture": "#0"},
				"west": {"uv": [11.81538, 11.56923, 12.81538, 13.56923], "texture": "#0"},
				"up": {"uv": [9.6, 10.09231, 10.6, 11.09231], "texture": "#0"},
				"down": {"uv": [7.13846, 9.84615, 8.13846, 10.84615], "texture": "#0"}
			}
		},
		{
			"from": [3, 0.6, 21.5],
			"to": [4, 3.1, 22.5],
			"faces": {
				"north": {"uv": [8.36923, 9.84615, 9.36923, 12.34615], "texture": "#0"},
				"east": {"uv": [10.09231, 11.56923, 11.09231, 14.06923], "texture": "#0"},
				"south": {"uv": [12.55385, 10.58462, 13.55385, 13.08462], "texture": "#0"},
				"west": {"uv": [11.81538, 11.56923, 12.81538, 14.06923], "texture": "#0"},
				"up": {"uv": [9.6, 10.09231, 10.6, 11.09231], "texture": "#0"},
				"down": {"uv": [7.13846, 9.84615, 8.13846, 10.84615], "texture": "#0"}
			}
		},
		{
			"from": [2.5, 1.6, 22.5],
			"to": [3, 2.1, 23],
			"faces": {
				"north": {"uv": [10.33846, 11.56923, 10.83846, 12.06923], "texture": "#0"},
				"east": {"uv": [9.84615, 10.09231, 10.34615, 10.59231], "texture": "#0"},
				"south": {"uv": [12.06154, 10.83077, 12.56154, 11.33077], "texture": "#0"},
				"west": {"uv": [11.81538, 11.56923, 12.31538, 12.06923], "texture": "#0"},
				"up": {"uv": [8.61538, 10.09231, 9.11538, 10.59231], "texture": "#0"},
				"down": {"uv": [8.86154, 10.58462, 9.36154, 11.08462], "texture": "#0"}
			}
		},
		{
			"from": [4, 1.6, 22.5],
			"to": [4.5, 2.1, 23],
			"faces": {
				"north": {"uv": [10.33846, 11.56923, 10.83846, 12.06923], "texture": "#0"},
				"east": {"uv": [9.84615, 10.09231, 10.34615, 10.59231], "texture": "#0"},
				"south": {"uv": [12.06154, 10.83077, 12.56154, 11.33077], "texture": "#0"},
				"west": {"uv": [11.81538, 11.56923, 12.31538, 12.06923], "texture": "#0"},
				"up": {"uv": [8.61538, 10.09231, 9.11538, 10.59231], "texture": "#0"},
				"down": {"uv": [8.86154, 10.58462, 9.36154, 11.08462], "texture": "#0"}
			}
		},
		{
			"from": [4, 1.6, 21],
			"to": [4.5, 2.1, 21.5],
			"faces": {
				"north": {"uv": [10.33846, 11.56923, 10.83846, 12.06923], "texture": "#0"},
				"east": {"uv": [9.84615, 10.09231, 10.34615, 10.59231], "texture": "#0"},
				"south": {"uv": [12.06154, 10.83077, 12.56154, 11.33077], "texture": "#0"},
				"west": {"uv": [11.81538, 11.56923, 12.31538, 12.06923], "texture": "#0"},
				"up": {"uv": [8.61538, 10.09231, 9.11538, 10.59231], "texture": "#0"},
				"down": {"uv": [8.86154, 10.58462, 9.36154, 11.08462], "texture": "#0"}
			}
		},
		{
			"from": [2.5, 1.6, 21],
			"to": [3, 2.1, 21.5],
			"faces": {
				"north": {"uv": [10.33846, 11.56923, 10.83846, 12.06923], "texture": "#0"},
				"east": {"uv": [9.84615, 10.09231, 10.34615, 10.59231], "texture": "#0"},
				"south": {"uv": [12.06154, 10.83077, 12.56154, 11.33077], "texture": "#0"},
				"west": {"uv": [11.81538, 11.56923, 12.31538, 12.06923], "texture": "#0"},
				"up": {"uv": [8.61538, 10.09231, 9.11538, 10.59231], "texture": "#0"},
				"down": {"uv": [8.86154, 10.58462, 9.36154, 11.08462], "texture": "#0"}
			}
		},
		{
			"from": [5, 0, 26],
			"to": [5.5, 1, 26.5],
			"faces": {
				"north": {"uv": [0, 0, 0.5, 1], "texture": "#1"},
				"east": {"uv": [0, 0, 0.5, 1], "texture": "#1"},
				"south": {"uv": [0, 0, 0.5, 1], "texture": "#1"},
				"west": {"uv": [0, 0, 0.5, 1], "texture": "#1"},
				"up": {"uv": [0, 0, 0.5, 0.5], "texture": "#1"},
				"down": {"uv": [0, 0, 0.5, 0.5], "texture": "#1"}
			}
		},
		{
			"from": [5, 0, 29.5],
			"to": [5.5, 1, 30],
			"faces": {
				"north": {"uv": [0, 0, 0.5, 1], "texture": "#1"},
				"east": {"uv": [0, 0, 0.5, 1], "texture": "#1"},
				"south": {"uv": [0, 0, 0.5, 1], "texture": "#1"},
				"west": {"uv": [0, 0, 0.5, 1], "texture": "#1"},
				"up": {"uv": [0, 0, 0.5, 0.5], "texture": "#1"},
				"down": {"uv": [0, 0, 0.5, 0.5], "texture": "#1"}
			}
		},
		{
			"from": [1.5, 0, 26],
			"to": [2, 1, 26.5],
			"faces": {
				"north": {"uv": [0, 0, 0.5, 1], "texture": "#1"},
				"east": {"uv": [0, 0, 0.5, 1], "texture": "#1"},
				"south": {"uv": [0, 0, 0.5, 1], "texture": "#1"},
				"west": {"uv": [0, 0, 0.5, 1], "texture": "#1"},
				"up": {"uv": [0, 0, 0.5, 0.5], "texture": "#1"},
				"down": {"uv": [0, 0, 0.5, 0.5], "texture": "#1"}
			}
		},
		{
			"from": [1.5, 0, 29.5],
			"to": [2, 1, 30],
			"faces": {
				"north": {"uv": [0, 0, 0.5, 1], "texture": "#1"},
				"east": {"uv": [0, 0, 0.5, 1], "texture": "#1"},
				"south": {"uv": [0, 0, 0.5, 1], "texture": "#1"},
				"west": {"uv": [0, 0, 0.5, 1], "texture": "#1"},
				"up": {"uv": [0, 0, 0.5, 0.5], "texture": "#1"},
				"down": {"uv": [0, 0, 0.5, 0.5], "texture": "#1"}
			}
		},
		{
			"from": [2, 0, 26.5],
			"to": [5, 0.7, 30],
			"faces": {
				"north": {"uv": [0, 0, 3, 0.7], "texture": "#1"},
				"east": {"uv": [0, 0, 3.5, 0.7], "texture": "#1"},
				"south": {"uv": [0, 0, 3, 0.7], "texture": "#1"},
				"west": {"uv": [0, 0, 3.5, 0.7], "texture": "#1"},
				"up": {"uv": [0, 0, 3, 3.5], "texture": "#1"},
				"down": {"uv": [0, 0, 3, 3.5], "texture": "#1"}
			}
		},
		{
			"from": [2, 0, 26],
			"to": [5, 0.7, 26.5],
			"faces": {
				"north": {"uv": [0, 0, 3, 0.7], "texture": "#1"},
				"east": {"uv": [0, 0, 0.5, 0.7], "texture": "#1"},
				"south": {"uv": [0, 0, 3, 0.7], "texture": "#1"},
				"west": {"uv": [0, 0, 0.5, 0.7], "texture": "#1"},
				"up": {"uv": [0, 0, 3, 0.5], "texture": "#1"},
				"down": {"uv": [0, 0, 3, 0.5], "texture": "#1"}
			}
		},
		{
			"from": [1.5, 0, 26.5],
			"to": [2, 0.7, 29.5],
			"faces": {
				"north": {"uv": [0, 0, 0.5, 0.7], "texture": "#1"},
				"east": {"uv": [0, 0, 3, 0.7], "texture": "#1"},
				"south": {"uv": [0, 0, 0.5, 0.7], "texture": "#1"},
				"west": {"uv": [0, 0, 3, 0.7], "texture": "#1"},
				"up": {"uv": [0, 0, 0.5, 3], "texture": "#1"},
				"down": {"uv": [0, 0, 0.5, 3], "texture": "#1"}
			}
		},
		{
			"from": [5, 0, 26.5],
			"to": [5.5, 0.7, 29.5],
			"faces": {
				"north": {"uv": [0, 0, 0.5, 0.7], "texture": "#1"},
				"east": {"uv": [0, 0, 3, 0.7], "texture": "#1"},
				"south": {"uv": [0, 0, 0.5, 0.7], "texture": "#1"},
				"west": {"uv": [0, 0, 3, 0.7], "texture": "#1"},
				"up": {"uv": [0, 0, 0.5, 3], "texture": "#1"},
				"down": {"uv": [0, 0, 0.5, 3], "texture": "#1"}
			}
		},
		{
			"from": [2, 0.6, 28.5],
			"to": [3, 1.6, 29.5],
			"faces": {
				"north": {"uv": [8.36923, 9.84615, 9.36923, 10.84615], "texture": "#0"},
				"east": {"uv": [10.09231, 11.56923, 11.09231, 12.56923], "texture": "#0"},
				"south": {"uv": [12.55385, 10.58462, 13.55385, 11.58462], "texture": "#0"},
				"west": {"uv": [11.81538, 11.56923, 12.81538, 12.56923], "texture": "#0"},
				"up": {"uv": [9.6, 10.09231, 10.6, 11.09231], "texture": "#0"},
				"down": {"uv": [7.13846, 9.84615, 8.13846, 10.84615], "texture": "#0"}
			}
		},
		{
			"from": [4, 0.6, 28.5],
			"to": [5, 1.6, 29.5],
			"faces": {
				"north": {"uv": [8.36923, 9.84615, 9.36923, 10.84615], "texture": "#0"},
				"east": {"uv": [10.09231, 11.56923, 11.09231, 12.56923], "texture": "#0"},
				"south": {"uv": [12.55385, 10.58462, 13.55385, 11.58462], "texture": "#0"},
				"west": {"uv": [11.81538, 11.56923, 12.81538, 12.56923], "texture": "#0"},
				"up": {"uv": [9.6, 10.09231, 10.6, 11.09231], "texture": "#0"},
				"down": {"uv": [7.13846, 9.84615, 8.13846, 10.84615], "texture": "#0"}
			}
		},
		{
			"from": [2, 0.6, 26.5],
			"to": [3, 1.6, 27.5],
			"faces": {
				"north": {"uv": [8.36923, 9.84615, 9.36923, 10.84615], "texture": "#0"},
				"east": {"uv": [10.09231, 11.56923, 11.09231, 12.56923], "texture": "#0"},
				"south": {"uv": [12.55385, 10.58462, 13.55385, 11.58462], "texture": "#0"},
				"west": {"uv": [11.81538, 11.56923, 12.81538, 12.56923], "texture": "#0"},
				"up": {"uv": [9.6, 10.09231, 10.6, 11.09231], "texture": "#0"},
				"down": {"uv": [7.13846, 9.84615, 8.13846, 10.84615], "texture": "#0"}
			}
		},
		{
			"from": [4, 0.6, 26.5],
			"to": [5, 1.6, 27.5],
			"faces": {
				"north": {"uv": [8.36923, 9.84615, 9.36923, 10.84615], "texture": "#0"},
				"east": {"uv": [10.09231, 11.56923, 11.09231, 12.56923], "texture": "#0"},
				"south": {"uv": [12.55385, 10.58462, 13.55385, 11.58462], "texture": "#0"},
				"west": {"uv": [11.81538, 11.56923, 12.81538, 12.56923], "texture": "#0"},
				"up": {"uv": [9.6, 10.09231, 10.6, 11.09231], "texture": "#0"},
				"down": {"uv": [7.13846, 9.84615, 8.13846, 10.84615], "texture": "#0"}
			}
		},
		{
			"from": [4, 0.6, 27.5],
			"to": [5, 2.6, 28.5],
			"faces": {
				"north": {"uv": [8.36923, 9.84615, 9.36923, 11.84615], "texture": "#0"},
				"east": {"uv": [10.09231, 11.56923, 11.09231, 13.56923], "texture": "#0"},
				"south": {"uv": [12.55385, 10.58462, 13.55385, 12.58462], "texture": "#0"},
				"west": {"uv": [11.81538, 11.56923, 12.81538, 13.56923], "texture": "#0"},
				"up": {"uv": [9.6, 10.09231, 10.6, 11.09231], "texture": "#0"},
				"down": {"uv": [7.13846, 9.84615, 8.13846, 10.84615], "texture": "#0"}
			}
		},
		{
			"from": [3, 0.6, 28.5],
			"to": [4, 2.6, 29.5],
			"faces": {
				"north": {"uv": [8.36923, 9.84615, 9.36923, 11.84615], "texture": "#0"},
				"east": {"uv": [10.09231, 11.56923, 11.09231, 13.56923], "texture": "#0"},
				"south": {"uv": [12.55385, 10.58462, 13.55385, 12.58462], "texture": "#0"},
				"west": {"uv": [11.81538, 11.56923, 12.81538, 13.56923], "texture": "#0"},
				"up": {"uv": [9.6, 10.09231, 10.6, 11.09231], "texture": "#0"},
				"down": {"uv": [7.13846, 9.84615, 8.13846, 10.84615], "texture": "#0"}
			}
		},
		{
			"from": [2, 0.6, 27.5],
			"to": [3, 2.6, 28.5],
			"faces": {
				"north": {"uv": [8.36923, 9.84615, 9.36923, 11.84615], "texture": "#0"},
				"east": {"uv": [10.09231, 11.56923, 11.09231, 13.56923], "texture": "#0"},
				"south": {"uv": [12.55385, 10.58462, 13.55385, 12.58462], "texture": "#0"},
				"west": {"uv": [11.81538, 11.56923, 12.81538, 13.56923], "texture": "#0"},
				"up": {"uv": [9.6, 10.09231, 10.6, 11.09231], "texture": "#0"},
				"down": {"uv": [7.13846, 9.84615, 8.13846, 10.84615], "texture": "#0"}
			}
		},
		{
			"from": [3, 0.6, 26.5],
			"to": [4, 2.6, 27.5],
			"faces": {
				"north": {"uv": [8.36923, 9.84615, 9.36923, 11.84615], "texture": "#0"},
				"east": {"uv": [10.09231, 11.56923, 11.09231, 13.56923], "texture": "#0"},
				"south": {"uv": [12.55385, 10.58462, 13.55385, 12.58462], "texture": "#0"},
				"west": {"uv": [11.81538, 11.56923, 12.81538, 13.56923], "texture": "#0"},
				"up": {"uv": [9.6, 10.09231, 10.6, 11.09231], "texture": "#0"},
				"down": {"uv": [7.13846, 9.84615, 8.13846, 10.84615], "texture": "#0"}
			}
		},
		{
			"from": [3, 0.6, 27.5],
			"to": [4, 3.1, 28.5],
			"faces": {
				"north": {"uv": [8.36923, 9.84615, 9.36923, 12.34615], "texture": "#0"},
				"east": {"uv": [10.09231, 11.56923, 11.09231, 14.06923], "texture": "#0"},
				"south": {"uv": [12.55385, 10.58462, 13.55385, 13.08462], "texture": "#0"},
				"west": {"uv": [11.81538, 11.56923, 12.81538, 14.06923], "texture": "#0"},
				"up": {"uv": [9.6, 10.09231, 10.6, 11.09231], "texture": "#0"},
				"down": {"uv": [7.13846, 9.84615, 8.13846, 10.84615], "texture": "#0"}
			}
		},
		{
			"from": [2.5, 1.6, 28.5],
			"to": [3, 2.1, 29],
			"faces": {
				"north": {"uv": [10.33846, 11.56923, 10.83846, 12.06923], "texture": "#0"},
				"east": {"uv": [9.84615, 10.09231, 10.34615, 10.59231], "texture": "#0"},
				"south": {"uv": [12.06154, 10.83077, 12.56154, 11.33077], "texture": "#0"},
				"west": {"uv": [11.81538, 11.56923, 12.31538, 12.06923], "texture": "#0"},
				"up": {"uv": [8.61538, 10.09231, 9.11538, 10.59231], "texture": "#0"},
				"down": {"uv": [8.86154, 10.58462, 9.36154, 11.08462], "texture": "#0"}
			}
		},
		{
			"from": [4, 1.6, 28.5],
			"to": [4.5, 2.1, 29],
			"faces": {
				"north": {"uv": [10.33846, 11.56923, 10.83846, 12.06923], "texture": "#0"},
				"east": {"uv": [9.84615, 10.09231, 10.34615, 10.59231], "texture": "#0"},
				"south": {"uv": [12.06154, 10.83077, 12.56154, 11.33077], "texture": "#0"},
				"west": {"uv": [11.81538, 11.56923, 12.31538, 12.06923], "texture": "#0"},
				"up": {"uv": [8.61538, 10.09231, 9.11538, 10.59231], "texture": "#0"},
				"down": {"uv": [8.86154, 10.58462, 9.36154, 11.08462], "texture": "#0"}
			}
		},
		{
			"from": [4, 1.6, 27],
			"to": [4.5, 2.1, 27.5],
			"faces": {
				"north": {"uv": [10.33846, 11.56923, 10.83846, 12.06923], "texture": "#0"},
				"east": {"uv": [9.84615, 10.09231, 10.34615, 10.59231], "texture": "#0"},
				"south": {"uv": [12.06154, 10.83077, 12.56154, 11.33077], "texture": "#0"},
				"west": {"uv": [11.81538, 11.56923, 12.31538, 12.06923], "texture": "#0"},
				"up": {"uv": [8.61538, 10.09231, 9.11538, 10.59231], "texture": "#0"},
				"down": {"uv": [8.86154, 10.58462, 9.36154, 11.08462], "texture": "#0"}
			}
		},
		{
			"from": [2.5, 1.6, 27],
			"to": [3, 2.1, 27.5],
			"faces": {
				"north": {"uv": [10.33846, 11.56923, 10.83846, 12.06923], "texture": "#0"},
				"east": {"uv": [9.84615, 10.09231, 10.34615, 10.59231], "texture": "#0"},
				"south": {"uv": [12.06154, 10.83077, 12.56154, 11.33077], "texture": "#0"},
				"west": {"uv": [11.81538, 11.56923, 12.31538, 12.06923], "texture": "#0"},
				"up": {"uv": [8.61538, 10.09231, 9.11538, 10.59231], "texture": "#0"},
				"down": {"uv": [8.86154, 10.58462, 9.36154, 11.08462], "texture": "#0"}
			}
		}
	],
	"display": {
		"thirdperson_righthand": {
			"translation": [5, 7.75, 0]
		},
		"thirdperson_lefthand": {
			"translation": [-4.75, 7.75, 0]
		},
		"firstperson_righthand": {
			"translation": [6.5, 6.25, 0]
		},
		"firstperson_lefthand": {
			"translation": [2.75, 6.25, 0]
		},
		"head": {
			"rotation": [-90, 0, 0],
			"translation": [14, 0, 12.75],
			"scale": [3.1, 3.1, 3.1]
		}
	}
}