{
	"credit": "Made with Blockbench",
	"textures": {
		"0": "item/Noire",
		"1": "item/lumiére",
		"particle": "item/Noire"
	},
	"elements": [
		{
			"from": [4, 0, 1],
			"to": [5, 16, 6],
			"faces": {
				"north": {"uv": [0, 0, 1, 16], "texture": "#0"},
				"east": {"uv": [0, 0, 5, 16], "texture": "#0"},
				"south": {"uv": [0, 0, 1, 16], "texture": "#0"},
				"west": {"uv": [0, 0, 5, 16], "texture": "#0"},
				"up": {"uv": [0, 0, 1, 5], "texture": "#0"},
				"down": {"uv": [0, 0, 1, 5], "texture": "#0"}
			}
		},
		{
			"from": [11, 0, 1],
			"to": [12, 16, 6],
			"faces": {
				"north": {"uv": [0, 0, 1, 16], "texture": "#0"},
				"east": {"uv": [0, 0, 5, 16], "texture": "#0"},
				"south": {"uv": [0, 0, 1, 16], "texture": "#0"},
				"west": {"uv": [0, 0, 5, 16], "texture": "#0"},
				"up": {"uv": [0, 0, 1, 5], "texture": "#0"},
				"down": {"uv": [0, 0, 1, 5], "texture": "#0"}
			}
		},
		{
			"from": [5, 0, 1],
			"to": [11, 1, 6],
			"faces": {
				"north": {"uv": [0, 0, 6, 1], "texture": "#0"},
				"east": {"uv": [0, 0, 5, 1], "texture": "#0"},
				"south": {"uv": [0, 0, 6, 1], "texture": "#0"},
				"west": {"uv": [0, 0, 5, 1], "texture": "#0"},
				"up": {"uv": [0, 0, 6, 5], "texture": "#0"},
				"down": {"uv": [0, 0, 6, 5], "texture": "#0"}
			}
		},
		{
			"from": [10.19489, 12.85617, 1],
			"to": [11.19489, 27.85617, 6],
			"rotation": {"angle": 22.5, "axis": "z", "origin": [0.19489, -1.14383, 0]},
			"faces": {
				"north": {"uv": [0, 0, 1, 15], "texture": "#0"},
				"east": {"uv": [0, 0, 5, 15], "texture": "#0"},
				"south": {"uv": [0, 0, 1, 15], "texture": "#0"},
				"west": {"uv": [0, 0, 5, 15], "texture": "#0"},
				"up": {"uv": [0, 0, 1, 5], "texture": "#0"},
				"down": {"uv": [0, 0, 1, 5], "texture": "#0"}
			}
		},
		{
			"from": [15, 16.15, 1],
			"to": [16, 26.15, 6],
			"rotation": {"angle": 22.5, "axis": "z", "origin": [0, 0, 0]},
			"faces": {
				"north": {"uv": [0, 0, 1, 10], "texture": "#0"},
				"east": {"uv": [0, 0, 5, 10], "texture": "#0"},
				"south": {"uv": [0, 0, 1, 10], "texture": "#0"},
				"west": {"uv": [0, 0, 5, 10], "texture": "#0"},
				"up": {"uv": [0, 0, 1, 5], "texture": "#0"},
				"down": {"uv": [0, 0, 1, 5], "texture": "#0"}
			}
		},
		{
			"from": [-1, 22, 1],
			"to": [0, 32, 6],
			"rotation": {"angle": -22.5, "axis": "z", "origin": [0, 0, 0]},
			"faces": {
				"north": {"uv": [0, 0, 1, 10], "texture": "#0"},
				"east": {"uv": [0, 0, 5, 10], "texture": "#0"},
				"south": {"uv": [0, 0, 1, 10], "texture": "#0"},
				"west": {"uv": [0, 0, 5, 10], "texture": "#0"},
				"up": {"uv": [0, 0, 1, 5], "texture": "#0"},
				"down": {"uv": [0, 0, 1, 5], "texture": "#0"}
			}
		},
		{
			"from": [16.71468, 17, 1],
			"to": [17.71468, 32, 6],
			"rotation": {"angle": -22.5, "axis": "z", "origin": [10.13372, 31.1055, 0]},
			"faces": {
				"north": {"uv": [0, 0, 1, 15], "texture": "#0"},
				"east": {"uv": [0, 0, 5, 15], "texture": "#0"},
				"south": {"uv": [0, 0, 1, 15], "texture": "#0"},
				"west": {"uv": [0, 0, 5, 15], "texture": "#0"},
				"up": {"uv": [0, 0, 1, 5], "texture": "#0"},
				"down": {"uv": [0, 0, 1, 5], "texture": "#0"}
			}
		},
		{
			"from": [11.3, 29, 1],
			"to": [17.6, 30, 6],
			"faces": {
				"north": {"uv": [0, 0, 6.3, 1], "texture": "#0"},
				"east": {"uv": [0, 0, 5, 1], "texture": "#0"},
				"south": {"uv": [0, 0, 6.3, 1], "texture": "#0"},
				"west": {"uv": [0, 0, 5, 1], "texture": "#0"},
				"up": {"uv": [0, 0, 6.3, 5], "texture": "#0"},
				"down": {"uv": [0, 0, 6.3, 5], "texture": "#0"}
			}
		},
		{
			"from": [-1.6, 29.3, 1],
			"to": [4.7, 30.3, 6],
			"faces": {
				"north": {"uv": [0, 0, 6.3, 1], "texture": "#0"},
				"east": {"uv": [0, 0, 5, 1], "texture": "#0"},
				"south": {"uv": [0, 0, 6.3, 1], "texture": "#0"},
				"west": {"uv": [0, 0, 5, 1], "texture": "#0"},
				"up": {"uv": [0, 0, 6.3, 5], "texture": "#0"},
				"down": {"uv": [0, 0, 6.3, 5], "texture": "#0"}
			}
		},
		{
			"from": [11, 27, 2],
			"to": [16.4, 29, 6],
			"faces": {
				"north": {"uv": [0, 0, 5.4, 2], "texture": "#1"},
				"east": {"uv": [0, 0, 4, 2], "texture": "#1"},
				"south": {"uv": [0, 0, 5.4, 2], "texture": "#0"},
				"west": {"uv": [0, 0, 4, 2], "texture": "#1"},
				"up": {"uv": [0, 0, 5.4, 4], "texture": "#1"},
				"down": {"uv": [0, 0, 5.4, 4], "texture": "#1"}
			}
		},
		{
			"from": [12.7, 26, 2],
			"to": [13.8, 26.8, 6],
			"rotation": {"angle": 22.5, "axis": "z", "origin": [0, 0, 0]},
			"faces": {
				"north": {"uv": [0, 0, 1.1, 0.8], "texture": "#1"},
				"east": {"uv": [0, 0, 4, 0.8], "texture": "#1"},
				"south": {"uv": [0, 0, 1.1, 0.8], "texture": "#0"},
				"west": {"uv": [0, 0, 4, 0.8], "texture": "#1"},
				"up": {"uv": [0, 0, 1.1, 4], "texture": "#1"},
				"down": {"uv": [0, 0, 1.1, 4], "texture": "#1"}
			}
		},
		{
			"from": [10.7, 25.5, 2],
			"to": [13.1, 27.3, 6],
			"rotation": {"angle": 22.5, "axis": "z", "origin": [0, 0, 0]},
			"faces": {
				"north": {"uv": [9.35385, 0, 12.24615, 2.04615], "texture": "#1"},
				"east": {"uv": [0, 0, 2, 1.8], "texture": "#1"},
				"south": {"uv": [0, 0, 2.4, 1.8], "texture": "#0"},
				"west": {"uv": [0, 0, 2, 1.8], "texture": "#1"},
				"up": {"uv": [0, 0, 2.4, 2], "texture": "#1"},
				"down": {"uv": [0, 0, 2.4, 2], "texture": "#1"}
			}
		},
		{
			"from": [0, 16.7, 2],
			"to": [4.1, 32, 6],
			"rotation": {"angle": -22.5, "axis": "z", "origin": [0, 0, 0]},
			"faces": {
				"north": {"uv": [8.86154, 0, 12.96154, 15.3], "texture": "#1"},
				"east": {"uv": [0, 0, 2, 15.3], "texture": "#1"},
				"south": {"uv": [0, 0, 4.1, 15.3], "texture": "#0"},
				"west": {"uv": [0, 0, 2, 15.3], "texture": "#1"},
				"up": {"uv": [0, 0, 4.1, 2], "texture": "#1"},
				"down": {"uv": [0, 0, 4.1, 2], "texture": "#1"}
			}
		},
		{
			"from": [5, 1, 2],
			"to": [11, 21, 6],
			"faces": {
				"north": {"uv": [8.12308, 10.58462, 14.12308, 16], "texture": "#1"},
				"east": {"uv": [0, 0, 2, 16], "texture": "#1"},
				"south": {"uv": [0, 0, 6, 16], "texture": "#0"},
				"west": {"uv": [0, 0, 2, 16], "texture": "#1"},
				"up": {"uv": [0, 0, 6, 2], "texture": "#1"},
				"down": {"uv": [0, 0, 6, 2], "texture": "#1"}
			}
		},
		{
			"from": [10.7, 13.5, 2],
			"to": [15, 26, 6],
			"rotation": {"angle": 22.5, "axis": "z", "origin": [0, 0, 0]},
			"faces": {
				"north": {"uv": [8.86154, 0, 13.16154, 12.5], "texture": "#1"},
				"east": {"uv": [0, 0, 2, 12.5], "texture": "#1"},
				"south": {"uv": [0, 0, 4.3, 12.5], "texture": "#0"},
				"west": {"uv": [0, 0, 2, 12.5], "texture": "#1"},
				"up": {"uv": [0, 0, 4.3, 2], "texture": "#1"},
				"down": {"uv": [0, 0, 4.3, 2], "texture": "#1"}
			}
		}
	],
	"display": {
		"gui": {
			"rotation": [-180, 6, -180],
			"translation": [0, -1.75, 0],
			"scale": [0.50391, 0.35156, 1]
		},
		"head": {
			"translation": [0, 17, -1.75],
			"scale": [3, 3, 3]
		}
	},
	"groups": [
		{
			"name": "group",
			"origin": [0, 0, 0],
			"color": 0,
			"children": [0, 1, 2, 3, 4, 5, 6, 7, 8]
		},
		{
			"name": "group",
			"origin": [0, 0, 0],
			"color": 0,
			"children": [9, 10, 11, 12, 13, 14]
		}
	]
}