{
	"credit": "Made with Blockbench",
	"texture_size": [32, 32],
	"textures": {
		"1": "item/decore/furniture/camera/texture"
	},
	"elements": [
		{
			"from": [5.5, 15, 2],
			"to": [10.5, 15, 4],
			"rotation": {"angle": -22.5, "axis": "x", "origin": [8, 9.5, 9]},
			"faces": {
				"north": {"uv": [0, 0, 2.5, 0], "texture": "#1"},
				"east": {"uv": [0, 0, 1, 0], "texture": "#1"},
				"south": {"uv": [0, 0, 2.5, 0], "texture": "#1"},
				"west": {"uv": [0, 0, 1, 0], "texture": "#1"},
				"up": {"uv": [11, 3, 8.5, 2], "texture": "#1"},
				"down": {"uv": [11, 3, 8.5, 4], "texture": "#1"}
			}
		},
		{
			"from": [10.5, 11, 2],
			"to": [10.5, 15, 4],
			"rotation": {"angle": -22.5, "axis": "x", "origin": [8, 9.5, 9]},
			"faces": {
				"north": {"uv": [0, 0, 0, 2], "texture": "#1"},
				"east": {"uv": [9, 8, 10, 10], "texture": "#1"},
				"south": {"uv": [0, 0, 0, 2], "texture": "#1"},
				"west": {"uv": [9.5, 4, 10.5, 6], "texture": "#1"},
				"up": {"uv": [0, 1, 0, 0], "texture": "#1"},
				"down": {"uv": [0, 0, 0, 1], "texture": "#1"}
			}
		},
		{
			"from": [5.5, 11, 2],
			"to": [5.5, 15, 4],
			"rotation": {"angle": -22.5, "axis": "x", "origin": [8, 9.5, 9]},
			"faces": {
				"north": {"uv": [0, 0, 0, 2], "texture": "#1"},
				"east": {"uv": [10, 0, 11, 2], "texture": "#1"},
				"south": {"uv": [0, 0, 0, 2], "texture": "#1"},
				"west": {"uv": [10, 8, 11, 10], "texture": "#1"},
				"up": {"uv": [0, 1, 0, 0], "texture": "#1"},
				"down": {"uv": [0, 0, 0, 1], "texture": "#1"}
			}
		},
		{
			"from": [7, 10, 6.5],
			"to": [9, 11, 11.5],
			"rotation": {"angle": -22.5, "axis": "x", "origin": [8, 9.5, 9]},
			"faces": {
				"north": {"uv": [4.5, 10.5, 5.5, 11], "texture": "#1"},
				"east": {"uv": [9.5, 6, 12, 6.5], "texture": "#1"},
				"south": {"uv": [10.5, 4.5, 11.5, 5], "texture": "#1"},
				"west": {"uv": [8.5, 10, 11, 10.5], "texture": "#1"},
				"up": {"uv": [9.5, 6.5, 8.5, 4], "texture": "#1"},
				"down": {"uv": [1, 9, 0, 11.5], "texture": "#1"}
			}
		},
		{
			"from": [7.25, 8.35355, 7.14645],
			"to": [7.25, 11.35355, 10.14645],
			"rotation": {"angle": 22.5, "axis": "x", "origin": [8, 9.5, 9]},
			"faces": {
				"north": {"uv": [0, 0, 0, 1.5], "texture": "#1"},
				"east": {"uv": [1, 9, 2.5, 10.5], "texture": "#1"},
				"south": {"uv": [0, 0, 0, 1.5], "texture": "#1"},
				"west": {"uv": [2.5, 9, 4, 10.5], "texture": "#1"},
				"up": {"uv": [0, 1.5, 0, 0], "texture": "#1"},
				"down": {"uv": [0, 0, 0, 1.5], "texture": "#1"}
			}
		},
		{
			"from": [8.75, 8.35355, 7.14645],
			"to": [8.75, 11.35355, 10.14645],
			"rotation": {"angle": 22.5, "axis": "x", "origin": [8, 9.5, 9]},
			"faces": {
				"north": {"uv": [0, 0, 0, 1.5], "texture": "#1"},
				"east": {"uv": [4, 9, 5.5, 10.5], "texture": "#1"},
				"south": {"uv": [0, 0, 0, 1.5], "texture": "#1"},
				"west": {"uv": [5.5, 9, 7, 10.5], "texture": "#1"},
				"up": {"uv": [0, 1.5, 0, 0], "texture": "#1"},
				"down": {"uv": [0, 0, 0, 1.5], "texture": "#1"}
			}
		},
		{
			"from": [5.5, 11, 4],
			"to": [10.5, 15, 14],
			"rotation": {"angle": -22.5, "axis": "x", "origin": [8, 9.5, 9]},
			"faces": {
				"north": {"uv": [0, 7, 2.5, 9], "texture": "#1"},
				"east": {"uv": [0, 5, 5, 7], "texture": "#1"},
				"south": {"uv": [2.5, 7, 5, 9], "texture": "#1"},
				"west": {"uv": [5, 0, 10, 2], "texture": "#1"},
				"up": {"uv": [2.5, 5, 0, 0], "texture": "#1"},
				"down": {"uv": [5, 0, 2.5, 5], "texture": "#1"}
			}
		},
		{
			"from": [7.5, 8, 8.5],
			"to": [8.5, 10, 9.5],
			"rotation": {"angle": 0, "axis": "y", "origin": [0, 4.5, 0]},
			"faces": {
				"north": {"uv": [8.5, 9, 9, 10], "texture": "#1"},
				"east": {"uv": [10.5, 5, 11, 6], "texture": "#1"},
				"south": {"uv": [5.5, 10.5, 6, 11.5], "texture": "#1"},
				"west": {"uv": [6, 10.5, 6.5, 11.5], "texture": "#1"},
				"up": {"uv": [9, 7, 8.5, 6.5], "texture": "#1"},
				"down": {"uv": [7, 10.5, 6.5, 11], "texture": "#1"}
			}
		},
		{
			"from": [6, 8, 7],
			"to": [10, 8, 11],
			"rotation": {"angle": 45, "axis": "y", "origin": [8, 8, 9]},
			"faces": {
				"north": {"uv": [0, 0, 2, 0], "texture": "#1"},
				"east": {"uv": [0, 0, 2, 0], "texture": "#1"},
				"south": {"uv": [0, 0, 2, 0], "texture": "#1"},
				"west": {"uv": [0, 0, 2, 0], "texture": "#1"},
				"up": {"uv": [7, 9, 5, 7], "texture": "#1"},
				"down": {"uv": [9, 7, 7, 9], "texture": "#1"}
			}
		},
		{
			"from": [7.5, 8, 11],
			"to": [8.5, 8, 15],
			"rotation": {"angle": 0, "axis": "y", "origin": [8, 8, 9]},
			"faces": {
				"north": {"uv": [0, 0, 0.5, 0], "texture": "#1"},
				"east": {"uv": [0, 0, 2, 0], "texture": "#1"},
				"south": {"uv": [0, 0, 0.5, 0], "texture": "#1"},
				"west": {"uv": [0, 0, 2, 0], "texture": "#1"},
				"up": {"uv": [1.5, 12.5, 1, 10.5], "texture": "#1"},
				"down": {"uv": [2, 10.5, 1.5, 12.5], "texture": "#1"}
			}
		},
		{
			"from": [7.5, 3, 8.5],
			"to": [7.5, 8, 15.5],
			"rotation": {"angle": 0, "axis": "y", "origin": [8, 8, 9]},
			"faces": {
				"north": {"uv": [0, 0, 0, 2.5], "texture": "#1"},
				"east": {"uv": [5, 2, 8.5, 4.5], "texture": "#1"},
				"south": {"uv": [0, 0, 0, 2.5], "texture": "#1"},
				"west": {"uv": [5, 4.5, 8.5, 7], "texture": "#1"},
				"up": {"uv": [0, 3.5, 0, 0], "texture": "#1"},
				"down": {"uv": [0, 0, 0, 3.5], "texture": "#1"}
			}
		},
		{
			"from": [6.5, 6.5, 15],
			"to": [9.5, 9.5, 16],
			"rotation": {"angle": 0, "axis": "y", "origin": [0, 4.5, 0]},
			"faces": {
				"north": {"uv": [9, 6.5, 10.5, 8], "texture": "#1"},
				"east": {"uv": [2, 10.5, 2.5, 12], "texture": "#1"},
				"south": {"uv": [7, 9, 8.5, 10.5], "texture": "#1"},
				"west": {"uv": [2.5, 10.5, 3, 12], "texture": "#1"},
				"up": {"uv": [4.5, 11, 3, 10.5], "texture": "#1"},
				"down": {"uv": [12, 4, 10.5, 4.5], "texture": "#1"}
			}
		}
	],
	"display": {
		"fixed": {
			"translation": [0, 0, -16],
			"scale": [2, 2, 2]
		}
	},
	"groups": [
		{
			"name": "cctv",
			"origin": [8, 8, 8],
			"color": 0,
			"children": [
				{
					"name": "camera",
					"origin": [0, 0, 0],
					"color": 0,
					"children": [0, 1, 2, 3, 4, 5, 6]
				},
				7,
				8,
				9,
				10,
				11
			]
		}
	]
}