{
	"credit": "Made with Blockbench",
	"texture_size": [64, 64],
	"textures": {
		"2": "item/decore/furniture/chaise/texture",
		"particle": "item/decore/furniture/chaise/texture"
	},
	"elements": [
		{
			"from": [3, 10, 1.5],
			"to": [13, 12, 12.5],
			"rotation": {"angle": 0, "axis": "y", "origin": [7.5, -2, -6]},
			"faces": {
				"north": {"uv": [7, 6.25, 9.5, 6.75], "texture": "#2"},
				"east": {"uv": [7, 5.25, 9.75, 5.75], "texture": "#2"},
				"south": {"uv": [7, 6.75, 9.5, 7.25], "texture": "#2"},
				"west": {"uv": [7, 5.75, 9.75, 6.25], "texture": "#2"},
				"up": {"uv": [9, 5.25, 6.5, 2.5], "texture": "#2"},
				"down": {"uv": [5.75, 6.5, 3.25, 9.25], "texture": "#2"}
			}
		},
		{
			"from": [3, 10, 12.5],
			"to": [13, 26, 14.5],
			"rotation": {"angle": 0, "axis": "y", "origin": [7.5, -2, -6]},
			"faces": {
				"north": {"uv": [0, 0, 2.5, 4], "texture": "#2"},
				"east": {"uv": [6.5, 5.25, 7, 9.25], "texture": "#2"},
				"south": {"uv": [2.5, 0, 5, 4], "texture": "#2"},
				"west": {"uv": [5.75, 6.5, 6.25, 10.5], "texture": "#2"},
				"up": {"uv": [9.5, 7.75, 7, 7.25], "texture": "#2"},
				"down": {"uv": [9.5, 7.75, 7, 8.25], "texture": "#2"}
			}
		},
		{
			"from": [3, 0, 1.5],
			"to": [3, 10, 14.5],
			"rotation": {"angle": 0, "axis": "y", "origin": [8.5, -2, -6]},
			"faces": {
				"north": {"uv": [0, 0, 0, 2.5], "texture": "#2"},
				"east": {"uv": [0, 4, 3.25, 6.5], "texture": "#2"},
				"south": {"uv": [0, 0, 0, 2.5], "texture": "#2"},
				"west": {"uv": [3.25, 4, 6.5, 6.5], "texture": "#2"},
				"up": {"uv": [0, 3.25, 0, 0], "texture": "#2"},
				"down": {"uv": [0, 0, 0, 3.25], "texture": "#2"}
			}
		},
		{
			"from": [13, 0, 1.5],
			"to": [13, 10, 14.5],
			"rotation": {"angle": 0, "axis": "y", "origin": [7.5, -2, -6]},
			"faces": {
				"north": {"uv": [0, 0, 0, 2.5], "texture": "#2"},
				"east": {"uv": [5, 0, 8.25, 2.5], "texture": "#2"},
				"south": {"uv": [0, 0, 0, 2.5], "texture": "#2"},
				"west": {"uv": [0, 6.5, 3.25, 9], "texture": "#2"},
				"up": {"uv": [0, 3.25, 0, 0], "texture": "#2"},
				"down": {"uv": [0, 0, 0, 3.25], "texture": "#2"}
			}
		}
	],
	"display": {
		"fixed": {
			"rotation": [-90, 0, 0],
			"translation": [0, 0, -16],
			"scale": [2, 2, 2]
		}
	},
	"groups": [
		{
			"name": "chair",
			"origin": [8, 0, -8],
			"color": 0,
			"children": [0, 1, 2, 3]
		}
	]
}