{
	"credit": "Made with Blockbench",
	"texture_size": [64, 64],
	"textures": {
		"1": "item/decore/furniture/mirroire/texture"
	},
	"elements": [
		{
			"from": [3, 0, 7.5],
			"to": [13, 2, 8.5],
			"faces": {
				"north": {"uv": [0.75, 7, 3.25, 7.5], "texture": "#1"},
				"east": {"uv": [4.75, 7, 5, 7.5], "texture": "#1"},
				"south": {"uv": [7.25, 0, 9.75, 0.5], "texture": "#1"},
				"west": {"uv": [4.75, 7.5, 5, 8], "texture": "#1"},
				"up": {"uv": [9.75, 3.25, 7.25, 3], "texture": "#1"},
				"down": {"uv": [9.75, 3.25, 7.25, 3.5], "texture": "#1"}
			}
		},
		{
			"from": [3, 30, 7.5],
			"to": [13, 32, 8.5],
			"faces": {
				"north": {"uv": [7.25, 0.5, 9.75, 1], "texture": "#1"},
				"east": {"uv": [2.75, 8.25, 3, 8.75], "texture": "#1"},
				"south": {"uv": [7.25, 1, 9.75, 1.5], "texture": "#1"},
				"west": {"uv": [7.75, 8.25, 8, 8.75], "texture": "#1"},
				"up": {"uv": [9.75, 3.75, 7.25, 3.5], "texture": "#1"},
				"down": {"uv": [9.75, 3.75, 7.25, 4], "texture": "#1"}
			}
		},
		{
			"from": [13, 0, 7.5],
			"to": [15, 32, 8.5],
			"faces": {
				"north": {"uv": [5, 0, 5.5, 8], "texture": "#1"},
				"east": {"uv": [0, 7, 0.25, 15], "texture": "#1"},
				"south": {"uv": [5.5, 0, 6, 8], "texture": "#1"},
				"west": {"uv": [7, 0, 7.25, 8], "texture": "#1"},
				"up": {"uv": [7.75, 8.5, 7.25, 8.25], "texture": "#1"},
				"down": {"uv": [9, 1.5, 8.5, 1.75], "texture": "#1"}
			}
		},
		{
			"from": [13, 14, 6.5],
			"to": [15, 20, 7.5],
			"rotation": {"angle": -22.5, "axis": "y", "origin": [13, 17, 7.5]},
			"faces": {
				"north": {"uv": [3.25, 7, 3.75, 8.5], "texture": "#1"},
				"east": {"uv": [3, 7.5, 3.25, 9], "texture": "#1"},
				"south": {"uv": [3.75, 7, 4.25, 8.5], "texture": "#1"},
				"west": {"uv": [8.25, 1.5, 8.5, 3], "texture": "#1"},
				"up": {"uv": [9, 2.5, 8.5, 2.25], "texture": "#1"},
				"down": {"uv": [9, 2.5, 8.5, 2.75], "texture": "#1"}
			}
		},
		{
			"from": [1, 14, 6.5],
			"to": [3, 20, 7.5],
			"rotation": {"angle": 22.5, "axis": "y", "origin": [3, 17, 7.5]},
			"faces": {
				"north": {"uv": [4.25, 7, 4.75, 8.5], "texture": "#1"},
				"east": {"uv": [2.25, 8.25, 2.5, 9.75], "texture": "#1"},
				"south": {"uv": [7.25, 1.5, 7.75, 3], "texture": "#1"},
				"west": {"uv": [2.5, 8.25, 2.75, 9.75], "texture": "#1"},
				"up": {"uv": [9, 3, 8.5, 2.75], "texture": "#1"},
				"down": {"uv": [3.75, 8.5, 3.25, 8.75], "texture": "#1"}
			}
		},
		{
			"from": [0.5, 29, 7],
			"to": [3.5, 32, 9],
			"rotation": {"angle": -22.5, "axis": "z", "origin": [2, 30.5, 8]},
			"faces": {
				"north": {"uv": [7.25, 5.5, 8, 6.25], "texture": "#1"},
				"east": {"uv": [8, 4.5, 8.5, 5.25], "texture": "#1"},
				"south": {"uv": [7.25, 6.25, 8, 7], "texture": "#1"},
				"west": {"uv": [4.75, 8, 5.25, 8.75], "texture": "#1"},
				"up": {"uv": [6, 8.5, 5.25, 8], "texture": "#1"},
				"down": {"uv": [8.75, 5.25, 8, 5.75], "texture": "#1"}
			}
		},
		{
			"from": [12.5, 29, 7],
			"to": [15.5, 32, 9],
			"rotation": {"angle": 22.5, "axis": "z", "origin": [14, 30.5, 8]},
			"faces": {
				"north": {"uv": [7.25, 4, 8, 4.75], "texture": "#1"},
				"east": {"uv": [7.75, 1.5, 8.25, 2.25], "texture": "#1"},
				"south": {"uv": [7.25, 4.75, 8, 5.5], "texture": "#1"},
				"west": {"uv": [7.75, 2.25, 8.25, 3], "texture": "#1"},
				"up": {"uv": [8, 8.25, 7.25, 7.75], "texture": "#1"},
				"down": {"uv": [8.75, 4, 8, 4.5], "texture": "#1"}
			}
		},
		{
			"from": [0.5, 0, 7],
			"to": [3.5, 3, 9],
			"rotation": {"angle": 22.5, "axis": "z", "origin": [2, 1.5, 8]},
			"faces": {
				"north": {"uv": [1.5, 7.5, 2.25, 8.25], "texture": "#1"},
				"east": {"uv": [8, 7, 8.5, 7.75], "texture": "#1"},
				"south": {"uv": [2.25, 7.5, 3, 8.25], "texture": "#1"},
				"west": {"uv": [8, 7.75, 8.5, 8.5], "texture": "#1"},
				"up": {"uv": [1.5, 8.75, 0.75, 8.25], "texture": "#1"},
				"down": {"uv": [2.25, 8.25, 1.5, 8.75], "texture": "#1"}
			}
		},
		{
			"from": [12.5, 0, 7],
			"to": [15.5, 3, 9],
			"rotation": {"angle": -22.5, "axis": "z", "origin": [14, 1.5, 8]},
			"faces": {
				"north": {"uv": [7.25, 7, 8, 7.75], "texture": "#1"},
				"east": {"uv": [8, 5.75, 8.5, 6.5], "texture": "#1"},
				"south": {"uv": [0.75, 7.5, 1.5, 8.25], "texture": "#1"},
				"west": {"uv": [6, 8, 6.5, 8.75], "texture": "#1"},
				"up": {"uv": [7.25, 8.5, 6.5, 8], "texture": "#1"},
				"down": {"uv": [8.75, 6.5, 8, 7], "texture": "#1"}
			}
		},
		{
			"from": [1, 0, 7.5],
			"to": [3, 32, 8.5],
			"faces": {
				"north": {"uv": [6, 0, 6.5, 8], "texture": "#1"},
				"east": {"uv": [0.25, 7, 0.5, 15], "texture": "#1"},
				"south": {"uv": [6.5, 0, 7, 8], "texture": "#1"},
				"west": {"uv": [0.5, 7, 0.75, 15], "texture": "#1"},
				"up": {"uv": [9, 2, 8.5, 1.75], "texture": "#1"},
				"down": {"uv": [9, 2, 8.5, 2.25], "texture": "#1"}
			}
		},
		{
			"from": [3, 2, 8.5],
			"to": [13, 30, 8.5],
			"rotation": {"angle": 0, "axis": "y", "origin": [7, 2, 8.5]},
			"faces": {
				"north": {"uv": [0, 0, 2.5, 7], "texture": "#1"},
				"east": {"uv": [0, 0, 0, 7], "texture": "#1"},
				"south": {"uv": [2.5, 0, 5, 7], "texture": "#1"},
				"west": {"uv": [0, 0, 0, 7], "texture": "#1"},
				"up": {"uv": [2.5, 0, 0, 0], "texture": "#1"},
				"down": {"uv": [2.5, 0, 0, 0], "texture": "#1"}
			}
		}
	],
	"display": {
		"fixed": {
			"translation": [0, 0, -1.01],
			"scale": [2, 2, 2]
		}
	},
	"groups": [
		{
			"name": "group",
			"origin": [7, 2, 8.5],
			"color": 0,
			"children": [0, 1, 2, 3, 4, 5, 6, 7, 8, 9, 10]
		}
	]
}