{
	"credit": "Made with Blockbench",
	"ambientocclusion": false,
	"textures": {
		"1": "item/decore/furniture/phonograph/disk_0",
		"2": "item/decore/furniture/phonograph/disk_1",
		"3": "item/decore/furniture/phonograph/disk_2",
		"4": "item/decore/furniture/phonograph/main",
		"5": "item/decore/furniture/phonograph/disk_3",
		"6": "item/decore/furniture/phonograph/disk_4",
		"7": "item/decore/furniture/phonograph/disk_5",
		"8": "item/decore/furniture/phonograph/disk_6",
		"9": "item/decore/furniture/phonograph/disk_7",
		"10": "item/decore/furniture/phonograph/disk_8",
		"11": "item/decore/furniture/phonograph/disk_9",
		"12": "item/decore/furniture/phonograph/disk_a",
		"13": "item/decore/furniture/phonograph/disk_b",
		"14": "item/decore/furniture/phonograph/disk_c",
		"15": "item/decore/furniture/phonograph/disk_d",
		"16": "item/decore/furniture/phonograph/disk_e",
		"17": "item/decore/furniture/phonograph/disk_f",
		"18": "item/decore/furniture/phonograph/hand_0",
		"19": "item/decore/furniture/phonograph/hand_1",
		"20": "item/decore/furniture/phonograph/hand_2",
		"21": "item/decore/furniture/phonograph/hand_3",
		"22": "item/decore/furniture/phonograph/hand_4",
		"23": "item/decore/furniture/phonograph/hand_5",
		"24": "item/decore/furniture/phonograph/hand_6",
		"25": "item/decore/furniture/phonograph/hand_7",
		"26": "item/decore/furniture/phonograph/hand_8",
		"27": "item/decore/furniture/phonograph/hand_9",
		"28": "item/decore/furniture/phonograph/hand_a",
		"29": "item/decore/furniture/phonograph/hand_b",
		"30": "item/decore/furniture/phonograph/hand_c",
		"31": "item/decore/furniture/phonograph/hand_d",
		"32": "item/decore/furniture/phonograph/hand_e",
		"33": "item/decore/furniture/phonograph/hand_f"
	},
	"elements": [
		{
			"from": [7, 1, 10.64264],
			"to": [9, 4, 12.64264],
			"rotation": {"angle": -45, "axis": "y", "origin": [8, 2.5, 8]},
			"faces": {
				"north": {"uv": [11, 5.75, 11.5, 6.5], "texture": "#4", "cullface": "up"},
				"east": {"uv": [8.5, 12.25, 9, 13], "texture": "#4", "cullface": "up"},
				"south": {"uv": [5.75, 13.5, 6.25, 14.25], "texture": "#4", "cullface": "up"},
				"west": {"uv": [6.25, 13.5, 6.75, 14.25], "texture": "#4", "cullface": "up"},
				"up": {"uv": [11.5, 7, 11, 6.5], "texture": "#4", "cullface": "up"},
				"down": {"uv": [14.5, 5.75, 14, 6.25], "texture": "#4", "cullface": "up"}
			}
		},
		{
			"from": [5, 1, 5],
			"to": [11, 4, 11],
			"rotation": {"angle": 0, "axis": "y", "origin": [8, 2.5, 8]},
			"faces": {
				"north": {"uv": [12.5, 12.5, 14, 13.25], "texture": "#4", "cullface": "up"},
				"east": {"uv": [12.75, 1.5, 14.25, 2.25], "texture": "#4", "cullface": "up"},
				"south": {"uv": [2.25, 12.75, 3.75, 13.5], "texture": "#4", "cullface": "up"},
				"west": {"uv": [12.75, 2.25, 14.25, 3], "texture": "#4", "cullface": "up"},
				"up": {"uv": [13, 9, 11.5, 7.5], "texture": "#4", "cullface": "up"},
				"down": {"uv": [1.5, 12, 0, 13.5], "texture": "#4", "cullface": "up"}
			}
		},
		{
			"from": [10.64264, 1, 7],
			"to": [12.64264, 4, 9],
			"rotation": {"angle": -45, "axis": "y", "origin": [8, 2.5, 8]},
			"faces": {
				"north": {"uv": [13.75, 4, 14.25, 4.75], "texture": "#4", "cullface": "up"},
				"east": {"uv": [4.5, 13.75, 5, 14.5], "texture": "#4", "cullface": "up"},
				"south": {"uv": [5, 13.75, 5.5, 14.5], "texture": "#4", "cullface": "up"},
				"west": {"uv": [14, 0, 14.5, 0.75], "texture": "#4", "cullface": "up"},
				"up": {"uv": [14.5, 6.75, 14, 6.25], "texture": "#4", "cullface": "up"},
				"down": {"uv": [14.5, 6.75, 14, 7.25], "texture": "#4", "cullface": "up"}
			}
		},
		{
			"from": [7, 1, 3.35736],
			"to": [9, 4, 5.35736],
			"rotation": {"angle": -45, "axis": "y", "origin": [8, 2.5, 8]},
			"faces": {
				"north": {"uv": [0.75, 14, 1.25, 14.75], "texture": "#4", "cullface": "up"},
				"east": {"uv": [14, 0.75, 14.5, 1.5], "texture": "#4", "cullface": "up"},
				"south": {"uv": [1.25, 14, 1.75, 14.75], "texture": "#4", "cullface": "up"},
				"west": {"uv": [1.75, 14, 2.25, 14.75], "texture": "#4", "cullface": "up"},
				"up": {"uv": [7.5, 14.5, 7, 14], "texture": "#4", "cullface": "up"},
				"down": {"uv": [8, 14, 7.5, 14.5], "texture": "#4", "cullface": "up"}
			}
		},
		{
			"from": [3.35736, 1, 7],
			"to": [5.35736, 4, 9],
			"rotation": {"angle": -45, "axis": "y", "origin": [8, 2.5, 8]},
			"faces": {
				"north": {"uv": [2.25, 14, 2.75, 14.75], "texture": "#4", "cullface": "up"},
				"east": {"uv": [2.75, 14, 3.25, 14.75], "texture": "#4", "cullface": "up"},
				"south": {"uv": [3.25, 14, 3.75, 14.75], "texture": "#4", "cullface": "up"},
				"west": {"uv": [3.75, 14, 4.25, 14.75], "texture": "#4", "cullface": "up"},
				"up": {"uv": [14.5, 8, 14, 7.5], "texture": "#4", "cullface": "up"},
				"down": {"uv": [8.5, 14, 8, 14.5], "texture": "#4", "cullface": "up"}
			}
		},
		{
			"name": "octagon",
			"from": [4.5, 6, 4.5],
			"to": [11.5, 6.02, 11.5],
			"rotation": {"angle": 45, "axis": "y", "origin": [8, 5.245, 8]},
			"faces": {
				"north": {"uv": [7, 6, 14, 7], "texture": "#1", "cullface": "up"},
				"east": {"uv": [7, 7, 14, 8], "texture": "#1", "cullface": "up"},
				"south": {"uv": [7, 8, 14, 9], "texture": "#1", "cullface": "up"},
				"west": {"uv": [7, 9, 14, 10], "texture": "#1", "cullface": "up"},
				"up": {"uv": [7, 7, 0, 0], "texture": "#1", "cullface": "up"},
				"down": {"uv": [7, 7, 0, 14], "texture": "#1", "cullface": "up"}
			}
		},
		{
			"name": "octagon",
			"from": [4.5, 6, 4.5],
			"to": [11.5, 6.02, 11.5],
			"rotation": {"angle": -22.5, "axis": "y", "origin": [8, 5.245, 8]},
			"faces": {
				"north": {"uv": [7, 7, 14, 8], "texture": "#2", "cullface": "up"},
				"east": {"uv": [7, 8, 14, 9], "texture": "#2", "cullface": "up"},
				"south": {"uv": [7, 9, 14, 10], "texture": "#2", "cullface": "up"},
				"west": {"uv": [7, 6, 14, 7], "texture": "#2", "cullface": "up"},
				"up": {"uv": [7, 7, 0, 0], "rotation": 270, "texture": "#2", "cullface": "up"},
				"down": {"uv": [7, 7, 0, 14], "rotation": 90, "texture": "#2", "cullface": "up"}
			}
		},
		{
			"from": [6.58579, 5.99, 4.46447],
			"to": [9.41421, 5.99, 7.46447],
			"rotation": {"angle": 22.5, "axis": "y", "origin": [8, 5.245, 8]},
			"faces": {
				"north": {"uv": [0, 0, 0.75, 0], "texture": "#2", "cullface": "up"},
				"east": {"uv": [0, 0, 0.75, 0], "texture": "#2", "cullface": "up"},
				"south": {"uv": [0, 0, 0.75, 0], "texture": "#2", "cullface": "up"},
				"west": {"uv": [0, 0, 0.75, 0], "texture": "#2", "cullface": "up"},
				"up": {"uv": [13.5, 5.75, 12.75, 5], "texture": "#2", "cullface": "up"},
				"down": {"uv": [14, 0, 13.25, 0.75], "texture": "#2", "cullface": "up"}
			}
		},
		{
			"from": [4.46447, 5.99, 6.58579],
			"to": [7.46447, 5.99, 9.41421],
			"rotation": {"angle": 22.5, "axis": "y", "origin": [8, 5.245, 8]},
			"faces": {
				"north": {"uv": [0, 0, 0.75, 0], "texture": "#2", "cullface": "up"},
				"east": {"uv": [0, 0, 0.75, 0], "texture": "#2", "cullface": "up"},
				"south": {"uv": [0, 0, 0.75, 0], "texture": "#2", "cullface": "up"},
				"west": {"uv": [0, 0, 0.75, 0], "texture": "#2", "cullface": "up"},
				"up": {"uv": [14, 1.5, 13.25, 0.75], "texture": "#2", "cullface": "up"},
				"down": {"uv": [14, 5.75, 13.25, 6.5], "texture": "#2", "cullface": "up"}
			}
		},
		{
			"from": [8.53553, 5.99, 6.58579],
			"to": [11.53553, 5.99, 9.41421],
			"rotation": {"angle": 22.5, "axis": "y", "origin": [8, 5.245, 8]},
			"faces": {
				"north": {"uv": [0, 0, 3, 0], "texture": "#2", "cullface": "up"},
				"east": {"uv": [0, 0, 3, 0], "texture": "#2", "cullface": "up"},
				"south": {"uv": [0, 0, 3, 0], "texture": "#2", "cullface": "up"},
				"west": {"uv": [0, 0, 3, 0], "texture": "#2", "cullface": "up"},
				"up": {"uv": [10, 3, 7, 0], "texture": "#2", "cullface": "up"},
				"down": {"uv": [10, 3, 7, 6], "texture": "#2", "cullface": "up"}
			}
		},
		{
			"from": [6.58579, 5.99, 8.53553],
			"to": [9.41421, 5.99, 11.53553],
			"rotation": {"angle": 22.5, "axis": "y", "origin": [8, 5.245, 8]},
			"faces": {
				"north": {"uv": [0, 0, 0.75, 0], "texture": "#2", "cullface": "up"},
				"east": {"uv": [0, 0, 0.75, 0], "texture": "#2", "cullface": "up"},
				"south": {"uv": [0, 0, 0.75, 0], "texture": "#2", "cullface": "up"},
				"west": {"uv": [0, 0, 0.75, 0], "texture": "#2", "cullface": "up"},
				"up": {"uv": [14, 14, 13.25, 13.25], "texture": "#2", "cullface": "up"},
				"down": {"uv": [0.75, 13.5, 0, 14.25], "texture": "#2", "cullface": "up"}
			}
		},
		{
			"name": "octagon",
			"from": [4.5, 6, 4.5],
			"to": [11.5, 6.02, 11.5],
			"rotation": {"angle": 0, "axis": "y", "origin": [8, 5.245, 8]},
			"faces": {
				"north": {"uv": [7, 7, 14, 8], "texture": "#3", "cullface": "up"},
				"east": {"uv": [7, 8, 14, 9], "texture": "#3", "cullface": "up"},
				"south": {"uv": [7, 9, 14, 10], "texture": "#3", "cullface": "up"},
				"west": {"uv": [7, 6, 14, 7], "texture": "#3", "cullface": "up"},
				"up": {"uv": [7, 7, 0, 0], "rotation": 270, "texture": "#3", "cullface": "up"},
				"down": {"uv": [7, 7, 0, 14], "rotation": 90, "texture": "#3", "cullface": "up"}
			}
		},
		{
			"name": "octagon",
			"from": [4.5, 6, 4.5],
			"to": [11.5, 6.02, 11.5],
			"rotation": {"angle": 22.5, "axis": "y", "origin": [8, 5.245, 8]},
			"faces": {
				"north": {"uv": [7, 7, 14, 8], "texture": "#5", "cullface": "up"},
				"east": {"uv": [7, 8, 14, 9], "texture": "#5", "cullface": "up"},
				"south": {"uv": [7, 9, 14, 10], "texture": "#5", "cullface": "up"},
				"west": {"uv": [7, 6, 14, 7], "texture": "#5", "cullface": "up"},
				"up": {"uv": [7, 7, 0, 0], "rotation": 270, "texture": "#5", "cullface": "up"},
				"down": {"uv": [7, 7, 0, 14], "rotation": 90, "texture": "#5", "cullface": "up"}
			}
		},
		{
			"name": "octagon",
			"from": [4.5, 6, 4.5],
			"to": [11.5, 6.02, 11.5],
			"rotation": {"angle": 45, "axis": "y", "origin": [8, 5.245, 8]},
			"faces": {
				"north": {"uv": [7, 7, 14, 8], "texture": "#6", "cullface": "up"},
				"east": {"uv": [7, 8, 14, 9], "texture": "#6", "cullface": "up"},
				"south": {"uv": [7, 9, 14, 10], "texture": "#6", "cullface": "up"},
				"west": {"uv": [7, 6, 14, 7], "texture": "#6", "cullface": "up"},
				"up": {"uv": [7, 7, 0, 0], "rotation": 270, "texture": "#6", "cullface": "up"},
				"down": {"uv": [7, 7, 0, 14], "rotation": 90, "texture": "#6", "cullface": "up"}
			}
		},
		{
			"name": "octagon",
			"from": [4.5, 6, 4.5],
			"to": [11.5, 6.02, 11.5],
			"rotation": {"angle": -22.5, "axis": "y", "origin": [8, 5.245, 8]},
			"faces": {
				"north": {"uv": [7, 8, 14, 9], "texture": "#7", "cullface": "up"},
				"east": {"uv": [7, 9, 14, 10], "texture": "#7", "cullface": "up"},
				"south": {"uv": [7, 6, 14, 7], "texture": "#7", "cullface": "up"},
				"west": {"uv": [7, 7, 14, 8], "texture": "#7", "cullface": "up"},
				"up": {"uv": [7, 7, 0, 0], "rotation": 180, "texture": "#7", "cullface": "up"},
				"down": {"uv": [7, 7, 0, 14], "rotation": 180, "texture": "#7", "cullface": "up"}
			}
		},
		{
			"name": "octagon",
			"from": [4.5, 6, 4.5],
			"to": [11.5, 6.02, 11.5],
			"rotation": {"angle": 0, "axis": "y", "origin": [8, 5.245, 8]},
			"faces": {
				"north": {"uv": [7, 8, 14, 9], "texture": "#8", "cullface": "up"},
				"east": {"uv": [7, 9, 14, 10], "texture": "#8", "cullface": "up"},
				"south": {"uv": [7, 6, 14, 7], "texture": "#8", "cullface": "up"},
				"west": {"uv": [7, 7, 14, 8], "texture": "#8", "cullface": "up"},
				"up": {"uv": [7, 7, 0, 0], "rotation": 180, "texture": "#8", "cullface": "up"},
				"down": {"uv": [7, 7, 0, 14], "rotation": 180, "texture": "#8", "cullface": "up"}
			}
		},
		{
			"name": "octagon",
			"from": [4.5, 6, 4.5],
			"to": [11.5, 6.02, 11.5],
			"rotation": {"angle": 22.5, "axis": "y", "origin": [8, 5.245, 8]},
			"faces": {
				"north": {"uv": [7, 8, 14, 9], "texture": "#9", "cullface": "up"},
				"east": {"uv": [7, 9, 14, 10], "texture": "#9", "cullface": "up"},
				"south": {"uv": [7, 6, 14, 7], "texture": "#9", "cullface": "up"},
				"west": {"uv": [7, 7, 14, 8], "texture": "#9", "cullface": "up"},
				"up": {"uv": [7, 7, 0, 0], "rotation": 180, "texture": "#9", "cullface": "up"},
				"down": {"uv": [7, 7, 0, 14], "rotation": 180, "texture": "#9", "cullface": "up"}
			}
		},
		{
			"name": "octagon",
			"from": [4.5, 6, 4.5],
			"to": [11.5, 6.02, 11.5],
			"rotation": {"angle": 45, "axis": "y", "origin": [8, 5.245, 8]},
			"faces": {
				"north": {"uv": [7, 8, 14, 9], "texture": "#10", "cullface": "up"},
				"east": {"uv": [7, 9, 14, 10], "texture": "#10", "cullface": "up"},
				"south": {"uv": [7, 6, 14, 7], "texture": "#10", "cullface": "up"},
				"west": {"uv": [7, 7, 14, 8], "texture": "#10", "cullface": "up"},
				"up": {"uv": [7, 7, 0, 0], "rotation": 180, "texture": "#10", "cullface": "up"},
				"down": {"uv": [7, 7, 0, 14], "rotation": 180, "texture": "#10", "cullface": "up"}
			}
		},
		{
			"name": "octagon",
			"from": [4.5, 6, 4.5],
			"to": [11.5, 6.02, 11.5],
			"rotation": {"angle": -22.5, "axis": "y", "origin": [8, 5.245, 8]},
			"faces": {
				"north": {"uv": [7, 9, 14, 10], "texture": "#11", "cullface": "up"},
				"east": {"uv": [7, 6, 14, 7], "texture": "#11", "cullface": "up"},
				"south": {"uv": [7, 7, 14, 8], "texture": "#11", "cullface": "up"},
				"west": {"uv": [7, 8, 14, 9], "texture": "#11", "cullface": "up"},
				"up": {"uv": [7, 7, 0, 0], "rotation": 90, "texture": "#11", "cullface": "up"},
				"down": {"uv": [7, 7, 0, 14], "rotation": 270, "texture": "#11", "cullface": "up"}
			}
		},
		{
			"name": "octagon",
			"from": [4.5, 6, 4.5],
			"to": [11.5, 6.02, 11.5],
			"rotation": {"angle": 0, "axis": "y", "origin": [8, 5.245, 8]},
			"faces": {
				"north": {"uv": [7, 9, 14, 10], "texture": "#12", "cullface": "up"},
				"east": {"uv": [7, 6, 14, 7], "texture": "#12", "cullface": "up"},
				"south": {"uv": [7, 7, 14, 8], "texture": "#12", "cullface": "up"},
				"west": {"uv": [7, 8, 14, 9], "texture": "#12", "cullface": "up"},
				"up": {"uv": [7, 7, 0, 0], "rotation": 90, "texture": "#12", "cullface": "up"},
				"down": {"uv": [7, 7, 0, 14], "rotation": 270, "texture": "#12", "cullface": "up"}
			}
		},
		{
			"name": "octagon",
			"from": [4.5, 6, 4.5],
			"to": [11.5, 6.02, 11.5],
			"rotation": {"angle": 22.5, "axis": "y", "origin": [8, 5.245, 8]},
			"faces": {
				"north": {"uv": [7, 9, 14, 10], "texture": "#13", "cullface": "up"},
				"east": {"uv": [7, 6, 14, 7], "texture": "#13", "cullface": "up"},
				"south": {"uv": [7, 7, 14, 8], "texture": "#13", "cullface": "up"},
				"west": {"uv": [7, 8, 14, 9], "texture": "#13", "cullface": "up"},
				"up": {"uv": [7, 7, 0, 0], "rotation": 90, "texture": "#13", "cullface": "up"},
				"down": {"uv": [7, 7, 0, 14], "rotation": 270, "texture": "#13", "cullface": "up"}
			}
		},
		{
			"name": "octagon",
			"from": [4.5, 6, 4.5],
			"to": [11.5, 6.02, 11.5],
			"rotation": {"angle": 45, "axis": "y", "origin": [8, 5.245, 8]},
			"faces": {
				"north": {"uv": [7, 9, 14, 10], "texture": "#14", "cullface": "up"},
				"east": {"uv": [7, 6, 14, 7], "texture": "#14", "cullface": "up"},
				"south": {"uv": [7, 7, 14, 8], "texture": "#14", "cullface": "up"},
				"west": {"uv": [7, 8, 14, 9], "texture": "#14", "cullface": "up"},
				"up": {"uv": [7, 7, 0, 0], "rotation": 90, "texture": "#14", "cullface": "up"},
				"down": {"uv": [7, 7, 0, 14], "rotation": 270, "texture": "#14", "cullface": "up"}
			}
		},
		{
			"name": "octagon",
			"from": [4.5, 6, 4.5],
			"to": [11.5, 6.02, 11.5],
			"rotation": {"angle": -22.5, "axis": "y", "origin": [8, 5.245, 8]},
			"faces": {
				"north": {"uv": [7, 6, 14, 7], "texture": "#15", "cullface": "up"},
				"east": {"uv": [7, 7, 14, 8], "texture": "#15", "cullface": "up"},
				"south": {"uv": [7, 8, 14, 9], "texture": "#15", "cullface": "up"},
				"west": {"uv": [7, 9, 14, 10], "texture": "#15", "cullface": "up"},
				"up": {"uv": [7, 7, 0, 0], "texture": "#15", "cullface": "up"},
				"down": {"uv": [7, 7, 0, 14], "texture": "#15", "cullface": "up"}
			}
		},
		{
			"name": "octagon",
			"from": [4.5, 6, 4.5],
			"to": [11.5, 6.02, 11.5],
			"rotation": {"angle": 0, "axis": "y", "origin": [8, 5.245, 8]},
			"faces": {
				"north": {"uv": [7, 6, 14, 7], "texture": "#16", "cullface": "up"},
				"east": {"uv": [7, 7, 14, 8], "texture": "#16", "cullface": "up"},
				"south": {"uv": [7, 8, 14, 9], "texture": "#16", "cullface": "up"},
				"west": {"uv": [7, 9, 14, 10], "texture": "#16", "cullface": "up"},
				"up": {"uv": [7, 7, 0, 0], "texture": "#16", "cullface": "up"},
				"down": {"uv": [7, 7, 0, 14], "texture": "#16", "cullface": "up"}
			}
		},
		{
			"name": "octagon",
			"from": [4.5, 6, 4.5],
			"to": [11.5, 6.02, 11.5],
			"rotation": {"angle": 22.5, "axis": "y", "origin": [8, 5.245, 8]},
			"faces": {
				"north": {"uv": [7, 6, 14, 7], "texture": "#17", "cullface": "up"},
				"east": {"uv": [7, 7, 14, 8], "texture": "#17", "cullface": "up"},
				"south": {"uv": [7, 8, 14, 9], "texture": "#17", "cullface": "up"},
				"west": {"uv": [7, 9, 14, 10], "texture": "#17", "cullface": "up"},
				"up": {"uv": [7, 7, 0, 0], "texture": "#17", "cullface": "up"},
				"down": {"uv": [7, 7, 0, 14], "texture": "#17", "cullface": "up"}
			}
		},
		{
			"from": [3.5, 0, 3.5],
			"to": [12.5, 1, 12.5],
			"rotation": {"angle": 0, "axis": "y", "origin": [8, 2.5, 8]},
			"faces": {
				"north": {"uv": [12.75, 3, 15, 3.25], "texture": "#4", "cullface": "up"},
				"east": {"uv": [13, 10.5, 15.25, 10.75], "texture": "#4", "cullface": "up"},
				"south": {"uv": [13, 10.75, 15.25, 11], "texture": "#4", "cullface": "up"},
				"west": {"uv": [13.25, 7.25, 15.5, 7.5], "texture": "#4", "cullface": "up"},
				"up": {"uv": [9.25, 10.25, 7, 8], "texture": "#4", "cullface": "up"},
				"down": {"uv": [11.5, 7, 9.25, 9.25], "texture": "#4", "cullface": "up"}
			}
		},
		{
			"from": [4, 4, 4],
			"to": [12, 5, 12],
			"rotation": {"angle": 0, "axis": "y", "origin": [8, 2.5, 8]},
			"faces": {
				"north": {"uv": [13.5, 5, 15.5, 5.25], "texture": "#4", "cullface": "up"},
				"east": {"uv": [13.5, 5.25, 15.5, 5.5], "texture": "#4", "cullface": "up"},
				"south": {"uv": [13.5, 5.5, 15.5, 5.75], "texture": "#4", "cullface": "up"},
				"west": {"uv": [0.75, 13.75, 2.75, 14], "texture": "#4", "cullface": "up"},
				"up": {"uv": [11.25, 11.25, 9.25, 9.25], "texture": "#4", "cullface": "up"},
				"down": {"uv": [9, 10.25, 7, 12.25], "texture": "#4", "cullface": "up"}
			}
		},
		{
			"from": [7.5, 6.5, 12],
			"to": [8.5, 9.5, 13],
			"rotation": {"angle": 0, "axis": "y", "origin": [8, 8, 12.5]},
			"faces": {
				"north": {"uv": [9, 7, 9.25, 7.75], "texture": "#4", "cullface": "up"},
				"east": {"uv": [9, 10.25, 9.25, 11], "texture": "#4", "cullface": "up"},
				"south": {"uv": [14, 8.5, 14.25, 9.25], "texture": "#4", "cullface": "up"},
				"west": {"uv": [9, 14, 9.25, 14.75], "texture": "#4", "cullface": "up"},
				"up": {"uv": [9.25, 8, 9, 7.75], "texture": "#4", "cullface": "up"},
				"down": {"uv": [9.25, 11, 9, 11.25], "texture": "#4", "cullface": "up"}
			}
		},
		{
			"from": [6.44617, 6.499, 6.2706],
			"to": [11.44617, 6.499, 12.2706],
			"rotation": {"angle": 22.5, "axis": "y", "origin": [7.94617, 7.999, 12.7706]},
			"faces": {
				"north": {"uv": [0, 0, 1.25, 0], "texture": "#4", "cullface": "up"},
				"east": {"uv": [0, 0, 1.5, 0], "texture": "#4", "cullface": "up"},
				"south": {"uv": [0, 0, 1.25, 0], "texture": "#4", "cullface": "up"},
				"west": {"uv": [0, 0, 1.5, 0], "texture": "#4", "cullface": "up"},
				"up": {"uv": [7, 12.5, 5.75, 11], "texture": "#4", "cullface": "up"},
				"down": {"uv": [13.25, 0, 12, 1.5], "texture": "#4", "cullface": "up"}
			}
		},
		{
			"from": [7.5, 8.5, 11],
			"to": [8.5, 9.5, 13],
			"rotation": {"angle": 22.5, "axis": "x", "origin": [8, 9.5, 13]},
			"faces": {
				"north": {"uv": [12.75, 9, 13, 9.25], "texture": "#4", "cullface": "up"},
				"east": {"uv": [12, 11, 12.5, 11.25], "texture": "#4", "cullface": "up"},
				"south": {"uv": [1.25, 13.5, 1.5, 13.75], "texture": "#4", "cullface": "up"},
				"west": {"uv": [12.25, 9, 12.75, 9.25], "texture": "#4", "cullface": "up"},
				"up": {"uv": [9.75, 14.5, 9.5, 14], "texture": "#4", "cullface": "up"},
				"down": {"uv": [10, 14, 9.75, 14.5], "texture": "#4", "cullface": "up"}
			}
		},
		{
			"from": [4.5, 5.5, 4],
			"to": [11.5, 12.5, 7],
			"rotation": {"angle": 22.5, "axis": "x", "origin": [8, 9.5, 13]},
			"faces": {
				"north": {"uv": [9, 11.25, 10.75, 13], "texture": "#4", "cullface": "up"},
				"east": {"uv": [1.5, 12, 2.25, 13.75], "texture": "#4", "cullface": "up"},
				"south": {"uv": [11.25, 9.25, 13, 11], "texture": "#4", "cullface": "up"},
				"west": {"uv": [12, 1.5, 12.75, 3.25], "texture": "#4", "cullface": "up"},
				"up": {"uv": [4, 12.75, 2.25, 12], "texture": "#4", "cullface": "up"},
				"down": {"uv": [13.75, 3.25, 12, 4], "texture": "#4", "cullface": "up"}
			}
		},
		{
			"from": [6, 7, 7],
			"to": [10, 11, 11],
			"rotation": {"angle": 22.5, "axis": "x", "origin": [8, 9.5, 13]},
			"faces": {
				"north": {"uv": [8, 7, 9, 8], "texture": "#4", "cullface": "up"},
				"east": {"uv": [5.75, 12.5, 6.75, 13.5], "texture": "#4", "cullface": "up"},
				"south": {"uv": [3.75, 12.75, 4.75, 13.75], "texture": "#4", "cullface": "up"},
				"west": {"uv": [12.75, 4, 13.75, 5], "texture": "#4", "cullface": "up"},
				"up": {"uv": [5.75, 13.75, 4.75, 12.75], "texture": "#4", "cullface": "up"},
				"down": {"uv": [14, 7.5, 13, 8.5], "texture": "#4", "cullface": "up"}
			}
		},
		{
			"from": [2, 3, 4],
			"to": [14, 15, 4],
			"rotation": {"angle": 22.5, "axis": "x", "origin": [8, 9.5, 13]},
			"faces": {
				"north": {"uv": [4, 8, 7, 11], "texture": "#4", "cullface": "up"},
				"east": {"uv": [0, 0, 0, 3], "texture": "#4", "cullface": "up"},
				"south": {"uv": [8, 4, 11, 7], "texture": "#4", "cullface": "up"},
				"west": {"uv": [0, 0, 0, 3], "texture": "#4", "cullface": "up"},
				"up": {"uv": [3, 0, 0, 0], "texture": "#4", "cullface": "up"},
				"down": {"uv": [3, 0, 0, 0], "texture": "#4", "cullface": "up"}
			}
		},
		{
			"name": "cube inverted",
			"from": [11.5, 12.5, 7],
			"to": [4.5, 5.5, 4],
			"rotation": {"angle": 22.5, "axis": "x", "origin": [8, 9.5, 13]},
			"faces": {
				"north": {"uv": [10.75, 11.25, 12.5, 13], "texture": "#4", "cullface": "up"},
				"east": {"uv": [7, 12.25, 7.75, 14], "texture": "#4", "cullface": "up"},
				"south": {"uv": [11.5, 5.75, 13.25, 7.5], "texture": "#4", "cullface": "up"},
				"west": {"uv": [7.75, 12.25, 8.5, 14], "texture": "#4", "cullface": "up"},
				"up": {"uv": [14.25, 11.75, 12.5, 11], "texture": "#4", "cullface": "up"},
				"down": {"uv": [14.25, 11.75, 12.5, 12.5], "texture": "#4", "cullface": "up"}
			}
		},
		{
			"name": "cube inverted",
			"from": [10, 11, 11],
			"to": [6, 7, 7],
			"rotation": {"angle": 22.5, "axis": "x", "origin": [8, 9.5, 13]},
			"faces": {
				"north": {"uv": [8.5, 13, 9.5, 14], "texture": "#4", "cullface": "up"},
				"east": {"uv": [13, 8.5, 14, 9.5], "texture": "#4", "cullface": "up"},
				"south": {"uv": [9.5, 13, 10.5, 14], "texture": "#4", "cullface": "up"},
				"west": {"uv": [13, 9.5, 14, 10.5], "texture": "#4", "cullface": "up"},
				"up": {"uv": [11.5, 14, 10.5, 13], "texture": "#4", "cullface": "up"},
				"down": {"uv": [12.5, 13, 11.5, 14], "texture": "#4", "cullface": "up"}
			}
		},
		{
			"from": [7, 7.5, 11.5],
			"to": [9, 8.5, 13.5],
			"rotation": {"angle": 45, "axis": "y", "origin": [8, 8, 12.5]},
			"faces": {
				"north": {"uv": [10.75, 14, 11.25, 14.25], "texture": "#4", "cullface": "up"},
				"east": {"uv": [11.25, 14, 11.75, 14.25], "texture": "#4", "cullface": "up"},
				"south": {"uv": [11.75, 14, 12.25, 14.25], "texture": "#4", "cullface": "up"},
				"west": {"uv": [12.25, 14, 12.75, 14.25], "texture": "#4", "cullface": "up"},
				"up": {"uv": [14.5, 8.5, 14, 8], "texture": "#4", "cullface": "up"},
				"down": {"uv": [9, 14, 8.5, 14.5], "texture": "#4", "cullface": "up"}
			}
		},
		{
			"from": [7.5, 1.81389, 11.03702],
			"to": [8.5, 2.81389, 14.03702],
			"rotation": {"angle": -22.5, "axis": "x", "origin": [8, 2.31389, 11.03702]},
			"faces": {
				"north": {"uv": [14, 13, 14.25, 13.25], "texture": "#4", "cullface": "up"},
				"east": {"uv": [11.25, 11, 12, 11.25], "texture": "#4", "cullface": "up"},
				"south": {"uv": [13.25, 14, 13.5, 14.25], "texture": "#4", "cullface": "up"},
				"west": {"uv": [11.5, 9, 12.25, 9.25], "texture": "#4", "cullface": "up"},
				"up": {"uv": [9.5, 14.75, 9.25, 14], "texture": "#4", "cullface": "up"},
				"down": {"uv": [14.25, 9.25, 14, 10], "texture": "#4", "cullface": "up"}
			}
		},
		{
			"from": [7.5, 3, 13],
			"to": [8.5, 7.5, 14],
			"rotation": {"angle": 0, "axis": "y", "origin": [8, 2, 11]},
			"faces": {
				"north": {"uv": [6.75, 12.5, 7, 13.75], "texture": "#4", "cullface": "up"},
				"east": {"uv": [5.5, 13.75, 5.75, 15], "texture": "#4", "cullface": "up"},
				"south": {"uv": [6.75, 13.75, 7, 15], "texture": "#4", "cullface": "up"},
				"west": {"uv": [4.25, 14, 4.5, 15.25], "texture": "#4", "cullface": "up"},
				"up": {"uv": [14.25, 13.5, 14, 13.25], "texture": "#4", "cullface": "up"},
				"down": {"uv": [13.75, 14, 13.5, 14.25], "texture": "#4", "cullface": "up"}
			}
		},
		{
			"from": [3.5, 5.5, 7.5],
			"to": [5.5, 5.5, 8.5],
			"rotation": {"angle": 0, "axis": "y", "origin": [3, 5.5, 8]},
			"faces": {
				"north": {"uv": [0, 0, 2, 0], "texture": "#18", "cullface": "up"},
				"east": {"uv": [0, 0, 1, 0], "texture": "#18", "cullface": "up"},
				"south": {"uv": [0, 0, 2, 0], "texture": "#18", "cullface": "up"},
				"west": {"uv": [0, 0, 1, 0], "texture": "#18", "cullface": "up"},
				"up": {"uv": [2, 1, 0, 0], "texture": "#18", "cullface": "up"},
				"down": {"uv": [2, 1, 0, 2], "texture": "#18", "cullface": "up"}
			}
		},
		{
			"from": [3.5, 3.5, 7.5],
			"to": [3.5, 5.5, 8.5],
			"rotation": {"angle": 0, "axis": "y", "origin": [3, 5.5, 8]},
			"faces": {
				"north": {"uv": [0, 0, 0, 2], "texture": "#18", "cullface": "up"},
				"east": {"uv": [0, 2, 1, 4], "texture": "#18", "cullface": "up"},
				"south": {"uv": [0, 0, 0, 2], "texture": "#18", "cullface": "up"},
				"west": {"uv": [2, 0, 3, 2], "texture": "#18", "cullface": "up"},
				"up": {"uv": [0, 1, 0, 0], "texture": "#18", "cullface": "up"},
				"down": {"uv": [0, 0, 0, 1], "texture": "#18", "cullface": "up"}
			}
		},
		{
			"from": [2.5, 3.5, 7.5],
			"to": [3.5, 3.5, 8.5],
			"rotation": {"angle": 0, "axis": "y", "origin": [3, 5.5, 8]},
			"faces": {
				"north": {"uv": [0, 0, 1, 0], "texture": "#18", "cullface": "up"},
				"east": {"uv": [0, 0, 1, 0], "texture": "#18", "cullface": "up"},
				"south": {"uv": [0, 0, 1, 0], "texture": "#18", "cullface": "up"},
				"west": {"uv": [0, 0, 1, 0], "texture": "#18", "cullface": "up"},
				"up": {"uv": [4, 3, 3, 2], "texture": "#18", "cullface": "up"},
				"down": {"uv": [4, 3, 3, 4], "texture": "#18", "cullface": "up"}
			}
		},
		{
			"from": [0.5, 3.58579, 8.91421],
			"to": [2.5, 4.58579, 9.91421],
			"rotation": {"angle": 45, "axis": "x", "origin": [3, 5.5, 8]},
			"faces": {
				"north": {"uv": [1, 2, 3, 3], "texture": "#18", "cullface": "up"},
				"east": {"uv": [0, 4, 1, 5], "texture": "#18", "cullface": "up"},
				"south": {"uv": [3, 0, 5, 1], "texture": "#18", "cullface": "up"},
				"west": {"uv": [1, 4, 2, 5], "texture": "#18", "cullface": "up"},
				"up": {"uv": [3, 4, 1, 3], "texture": "#18", "cullface": "up"},
				"down": {"uv": [5, 1, 3, 2], "texture": "#18", "cullface": "up"}
			}
		},
		{
			"from": [3.5, 5.5, 7.5],
			"to": [5.5, 5.5, 8.5],
			"rotation": {"angle": 22.5, "axis": "x", "origin": [3, 5.5, 8]},
			"faces": {
				"north": {"uv": [0, 0, 2, 0], "texture": "#19", "cullface": "up"},
				"east": {"uv": [0, 0, 1, 0], "texture": "#19", "cullface": "up"},
				"south": {"uv": [0, 0, 2, 0], "texture": "#19", "cullface": "up"},
				"west": {"uv": [0, 0, 1, 0], "texture": "#19", "cullface": "up"},
				"up": {"uv": [2, 1, 0, 0], "texture": "#19", "cullface": "up"},
				"down": {"uv": [2, 1, 0, 2], "texture": "#19", "cullface": "up"}
			}
		},
		{
			"from": [3.5, 3.5, 7.5],
			"to": [3.5, 5.5, 8.5],
			"rotation": {"angle": 22.5, "axis": "x", "origin": [3, 5.5, 8]},
			"faces": {
				"north": {"uv": [0, 0, 0, 2], "texture": "#19", "cullface": "up"},
				"east": {"uv": [0, 2, 1, 4], "texture": "#19", "cullface": "up"},
				"south": {"uv": [0, 0, 0, 2], "texture": "#19", "cullface": "up"},
				"west": {"uv": [2, 0, 3, 2], "texture": "#19", "cullface": "up"},
				"up": {"uv": [0, 1, 0, 0], "texture": "#19", "cullface": "up"},
				"down": {"uv": [0, 0, 0, 1], "texture": "#19", "cullface": "up"}
			}
		},
		{
			"from": [2.5, 3.5, 7.5],
			"to": [3.5, 3.5, 8.5],
			"rotation": {"angle": 22.5, "axis": "x", "origin": [3, 5.5, 8]},
			"faces": {
				"north": {"uv": [0, 0, 1, 0], "texture": "#19", "cullface": "up"},
				"east": {"uv": [0, 0, 1, 0], "texture": "#19", "cullface": "up"},
				"south": {"uv": [0, 0, 1, 0], "texture": "#19", "cullface": "up"},
				"west": {"uv": [0, 0, 1, 0], "texture": "#19", "cullface": "up"},
				"up": {"uv": [4, 3, 3, 2], "texture": "#19", "cullface": "up"},
				"down": {"uv": [4, 3, 3, 4], "texture": "#19", "cullface": "up"}
			}
		},
		{
			"from": [0.5, 3.58579, 6.08579],
			"to": [2.5, 4.58579, 7.08579],
			"rotation": {"angle": -22.5, "axis": "x", "origin": [3, 5.5, 8]},
			"faces": {
				"north": {"uv": [5, 1, 3, 2], "rotation": 180, "texture": "#19", "cullface": "up"},
				"east": {"uv": [0, 4, 1, 5], "rotation": 270, "texture": "#19", "cullface": "up"},
				"south": {"uv": [3, 4, 1, 3], "texture": "#19", "cullface": "up"},
				"west": {"uv": [1, 4, 2, 5], "rotation": 90, "texture": "#19", "cullface": "up"},
				"up": {"uv": [1, 2, 3, 3], "rotation": 180, "texture": "#19", "cullface": "up"},
				"down": {"uv": [3, 0, 5, 1], "texture": "#19", "cullface": "up"}
			}
		},
		{
			"from": [3.5, 5.5, 7.5],
			"to": [5.5, 5.5, 8.5],
			"rotation": {"angle": 45, "axis": "x", "origin": [3, 5.5, 8]},
			"faces": {
				"north": {"uv": [0, 0, 2, 0], "texture": "#20", "cullface": "up"},
				"east": {"uv": [0, 0, 1, 0], "texture": "#20", "cullface": "up"},
				"south": {"uv": [0, 0, 2, 0], "texture": "#20", "cullface": "up"},
				"west": {"uv": [0, 0, 1, 0], "texture": "#20", "cullface": "up"},
				"up": {"uv": [2, 1, 0, 0], "texture": "#20", "cullface": "up"},
				"down": {"uv": [2, 1, 0, 2], "texture": "#20", "cullface": "up"}
			}
		},
		{
			"from": [3.5, 3.5, 7.5],
			"to": [3.5, 5.5, 8.5],
			"rotation": {"angle": 45, "axis": "x", "origin": [3, 5.5, 8]},
			"faces": {
				"north": {"uv": [0, 0, 0, 2], "texture": "#20", "cullface": "up"},
				"east": {"uv": [0, 2, 1, 4], "texture": "#20", "cullface": "up"},
				"south": {"uv": [0, 0, 0, 2], "texture": "#20", "cullface": "up"},
				"west": {"uv": [2, 0, 3, 2], "texture": "#20", "cullface": "up"},
				"up": {"uv": [0, 1, 0, 0], "texture": "#20", "cullface": "up"},
				"down": {"uv": [0, 0, 0, 1], "texture": "#20", "cullface": "up"}
			}
		},
		{
			"from": [2.5, 3.5, 7.5],
			"to": [3.5, 3.5, 8.5],
			"rotation": {"angle": 45, "axis": "x", "origin": [3, 5.5, 8]},
			"faces": {
				"north": {"uv": [0, 0, 1, 0], "texture": "#20", "cullface": "up"},
				"east": {"uv": [0, 0, 1, 0], "texture": "#20", "cullface": "up"},
				"south": {"uv": [0, 0, 1, 0], "texture": "#20", "cullface": "up"},
				"west": {"uv": [0, 0, 1, 0], "texture": "#20", "cullface": "up"},
				"up": {"uv": [4, 3, 3, 2], "texture": "#20", "cullface": "up"},
				"down": {"uv": [4, 3, 3, 4], "texture": "#20", "cullface": "up"}
			}
		},
		{
			"from": [0.5, 3.58579, 6.08579],
			"to": [2.5, 4.58579, 7.08579],
			"rotation": {"angle": 0, "axis": "y", "origin": [3, 5.5, 8]},
			"faces": {
				"north": {"uv": [5, 1, 3, 2], "rotation": 180, "texture": "#20", "cullface": "up"},
				"east": {"uv": [0, 4, 1, 5], "rotation": 270, "texture": "#20", "cullface": "up"},
				"south": {"uv": [3, 4, 1, 3], "texture": "#20", "cullface": "up"},
				"west": {"uv": [1, 4, 2, 5], "rotation": 90, "texture": "#20", "cullface": "up"},
				"up": {"uv": [1, 2, 3, 3], "rotation": 180, "texture": "#20", "cullface": "up"},
				"down": {"uv": [3, 0, 5, 1], "texture": "#20", "cullface": "up"}
			}
		},
		{
			"from": [3.5, 5, 8],
			"to": [5.5, 6, 8],
			"rotation": {"angle": -22.5, "axis": "x", "origin": [3, 5.5, 8]},
			"faces": {
				"north": {"uv": [2, 1, 0, 2], "rotation": 180, "texture": "#21", "cullface": "up"},
				"east": {"uv": [0, 0, 1, 0], "rotation": 270, "texture": "#21", "cullface": "up"},
				"south": {"uv": [2, 1, 0, 0], "texture": "#21", "cullface": "up"},
				"west": {"uv": [0, 0, 1, 0], "rotation": 90, "texture": "#21", "cullface": "up"},
				"up": {"uv": [0, 0, 2, 0], "rotation": 180, "texture": "#21", "cullface": "up"},
				"down": {"uv": [0, 0, 2, 0], "texture": "#21", "cullface": "up"}
			}
		},
		{
			"from": [3.5, 5, 6],
			"to": [3.5, 6, 8],
			"rotation": {"angle": -22.5, "axis": "x", "origin": [3, 5.5, 8]},
			"faces": {
				"north": {"uv": [0, 0, 0, 1], "rotation": 180, "texture": "#21", "cullface": "up"},
				"east": {"uv": [0, 2, 1, 4], "rotation": 270, "texture": "#21", "cullface": "up"},
				"south": {"uv": [0, 1, 0, 0], "texture": "#21", "cullface": "up"},
				"west": {"uv": [2, 0, 3, 2], "rotation": 90, "texture": "#21", "cullface": "up"},
				"up": {"uv": [0, 0, 0, 2], "rotation": 180, "texture": "#21", "cullface": "up"},
				"down": {"uv": [0, 0, 0, 2], "texture": "#21", "cullface": "up"}
			}
		},
		{
			"from": [2.5, 5, 6],
			"to": [3.5, 6, 6],
			"rotation": {"angle": -22.5, "axis": "x", "origin": [3, 5.5, 8]},
			"faces": {
				"north": {"uv": [4, 3, 3, 4], "rotation": 180, "texture": "#21", "cullface": "up"},
				"east": {"uv": [0, 0, 1, 0], "rotation": 270, "texture": "#21", "cullface": "up"},
				"south": {"uv": [4, 3, 3, 2], "texture": "#21", "cullface": "up"},
				"west": {"uv": [0, 0, 1, 0], "rotation": 90, "texture": "#21", "cullface": "up"},
				"up": {"uv": [0, 0, 1, 0], "rotation": 180, "texture": "#21", "cullface": "up"},
				"down": {"uv": [0, 0, 1, 0], "texture": "#21", "cullface": "up"}
			}
		},
		{
			"from": [0.5, 3.58579, 6.08579],
			"to": [2.5, 4.58579, 7.08579],
			"rotation": {"angle": 22.5, "axis": "x", "origin": [3, 5.5, 8]},
			"faces": {
				"north": {"uv": [5, 1, 3, 2], "rotation": 180, "texture": "#21", "cullface": "up"},
				"east": {"uv": [0, 4, 1, 5], "rotation": 270, "texture": "#21", "cullface": "up"},
				"south": {"uv": [3, 4, 1, 3], "texture": "#21", "cullface": "up"},
				"west": {"uv": [1, 4, 2, 5], "rotation": 90, "texture": "#21", "cullface": "up"},
				"up": {"uv": [1, 2, 3, 3], "rotation": 180, "texture": "#21", "cullface": "up"},
				"down": {"uv": [3, 0, 5, 1], "texture": "#21", "cullface": "up"}
			}
		},
		{
			"from": [3.5, 5, 8],
			"to": [5.5, 6, 8],
			"rotation": {"angle": 0, "axis": "y", "origin": [3, 5.5, 8]},
			"faces": {
				"north": {"uv": [2, 1, 0, 2], "rotation": 180, "texture": "#22", "cullface": "up"},
				"east": {"uv": [0, 0, 1, 0], "rotation": 270, "texture": "#22", "cullface": "up"},
				"south": {"uv": [2, 1, 0, 0], "texture": "#22", "cullface": "up"},
				"west": {"uv": [0, 0, 1, 0], "rotation": 90, "texture": "#22", "cullface": "up"},
				"up": {"uv": [0, 0, 2, 0], "rotation": 180, "texture": "#22", "cullface": "up"},
				"down": {"uv": [0, 0, 2, 0], "texture": "#22", "cullface": "up"}
			}
		},
		{
			"from": [3.5, 5, 6],
			"to": [3.5, 6, 8],
			"rotation": {"angle": 0, "axis": "y", "origin": [3, 5.5, 8]},
			"faces": {
				"north": {"uv": [0, 0, 0, 1], "rotation": 180, "texture": "#22", "cullface": "up"},
				"east": {"uv": [0, 2, 1, 4], "rotation": 270, "texture": "#22", "cullface": "up"},
				"south": {"uv": [0, 1, 0, 0], "texture": "#22", "cullface": "up"},
				"west": {"uv": [2, 0, 3, 2], "rotation": 90, "texture": "#22", "cullface": "up"},
				"up": {"uv": [0, 0, 0, 2], "rotation": 180, "texture": "#22", "cullface": "up"},
				"down": {"uv": [0, 0, 0, 2], "texture": "#22", "cullface": "up"}
			}
		},
		{
			"from": [2.5, 5, 6],
			"to": [3.5, 6, 6],
			"rotation": {"angle": 0, "axis": "y", "origin": [3, 5.5, 8]},
			"faces": {
				"north": {"uv": [4, 3, 3, 4], "rotation": 180, "texture": "#22", "cullface": "up"},
				"east": {"uv": [0, 0, 1, 0], "rotation": 270, "texture": "#22", "cullface": "up"},
				"south": {"uv": [4, 3, 3, 2], "texture": "#22", "cullface": "up"},
				"west": {"uv": [0, 0, 1, 0], "rotation": 90, "texture": "#22", "cullface": "up"},
				"up": {"uv": [0, 0, 1, 0], "rotation": 180, "texture": "#22", "cullface": "up"},
				"down": {"uv": [0, 0, 1, 0], "texture": "#22", "cullface": "up"}
			}
		},
		{
			"from": [0.5, 3.58579, 6.08579],
			"to": [2.5, 4.58579, 7.08579],
			"rotation": {"angle": 45, "axis": "x", "origin": [3, 5.5, 8]},
			"faces": {
				"north": {"uv": [5, 1, 3, 2], "rotation": 180, "texture": "#22", "cullface": "up"},
				"east": {"uv": [0, 4, 1, 5], "rotation": 270, "texture": "#22", "cullface": "up"},
				"south": {"uv": [3, 4, 1, 3], "texture": "#22", "cullface": "up"},
				"west": {"uv": [1, 4, 2, 5], "rotation": 90, "texture": "#22", "cullface": "up"},
				"up": {"uv": [1, 2, 3, 3], "rotation": 180, "texture": "#22", "cullface": "up"},
				"down": {"uv": [3, 0, 5, 1], "texture": "#22", "cullface": "up"}
			}
		},
		{
			"from": [3.5, 5, 8],
			"to": [5.5, 6, 8],
			"rotation": {"angle": 22.5, "axis": "x", "origin": [3, 5.5, 8]},
			"faces": {
				"north": {"uv": [2, 1, 0, 2], "rotation": 180, "texture": "#23", "cullface": "up"},
				"east": {"uv": [0, 0, 1, 0], "rotation": 270, "texture": "#23", "cullface": "up"},
				"south": {"uv": [2, 1, 0, 0], "texture": "#23", "cullface": "up"},
				"west": {"uv": [0, 0, 1, 0], "rotation": 90, "texture": "#23", "cullface": "up"},
				"up": {"uv": [0, 0, 2, 0], "rotation": 180, "texture": "#23", "cullface": "up"},
				"down": {"uv": [0, 0, 2, 0], "texture": "#23", "cullface": "up"}
			}
		},
		{
			"from": [3.5, 5, 6],
			"to": [3.5, 6, 8],
			"rotation": {"angle": 22.5, "axis": "x", "origin": [3, 5.5, 8]},
			"faces": {
				"north": {"uv": [0, 0, 0, 1], "rotation": 180, "texture": "#23", "cullface": "up"},
				"east": {"uv": [0, 2, 1, 4], "rotation": 270, "texture": "#23", "cullface": "up"},
				"south": {"uv": [0, 1, 0, 0], "texture": "#23", "cullface": "up"},
				"west": {"uv": [2, 0, 3, 2], "rotation": 90, "texture": "#23", "cullface": "up"},
				"up": {"uv": [0, 0, 0, 2], "rotation": 180, "texture": "#23", "cullface": "up"},
				"down": {"uv": [0, 0, 0, 2], "texture": "#23", "cullface": "up"}
			}
		},
		{
			"from": [2.5, 5, 6],
			"to": [3.5, 6, 6],
			"rotation": {"angle": 22.5, "axis": "x", "origin": [3, 5.5, 8]},
			"faces": {
				"north": {"uv": [4, 3, 3, 4], "rotation": 180, "texture": "#23", "cullface": "up"},
				"east": {"uv": [0, 0, 1, 0], "rotation": 270, "texture": "#23", "cullface": "up"},
				"south": {"uv": [4, 3, 3, 2], "texture": "#23", "cullface": "up"},
				"west": {"uv": [0, 0, 1, 0], "rotation": 90, "texture": "#23", "cullface": "up"},
				"up": {"uv": [0, 0, 1, 0], "rotation": 180, "texture": "#23", "cullface": "up"},
				"down": {"uv": [0, 0, 1, 0], "texture": "#23", "cullface": "up"}
			}
		},
		{
			"from": [0.5, 6.41421, 6.08579],
			"to": [2.5, 7.41421, 7.08579],
			"rotation": {"angle": -22.5, "axis": "x", "origin": [3, 5.5, 8]},
			"faces": {
				"north": {"uv": [3, 0, 5, 1], "rotation": 180, "texture": "#23", "cullface": "up"},
				"east": {"uv": [0, 4, 1, 5], "rotation": 180, "texture": "#23", "cullface": "up"},
				"south": {"uv": [1, 2, 3, 3], "rotation": 180, "texture": "#23", "cullface": "up"},
				"west": {"uv": [1, 4, 2, 5], "rotation": 180, "texture": "#23", "cullface": "up"},
				"up": {"uv": [5, 1, 3, 2], "texture": "#23", "cullface": "up"},
				"down": {"uv": [3, 4, 1, 3], "texture": "#23", "cullface": "up"}
			}
		},
		{
			"from": [3.5, 5, 8],
			"to": [5.5, 6, 8],
			"rotation": {"angle": 45, "axis": "x", "origin": [3, 5.5, 8]},
			"faces": {
				"north": {"uv": [2, 1, 0, 2], "rotation": 180, "texture": "#24", "cullface": "up"},
				"east": {"uv": [0, 0, 1, 0], "rotation": 270, "texture": "#24", "cullface": "up"},
				"south": {"uv": [2, 1, 0, 0], "texture": "#24", "cullface": "up"},
				"west": {"uv": [0, 0, 1, 0], "rotation": 90, "texture": "#24", "cullface": "up"},
				"up": {"uv": [0, 0, 2, 0], "rotation": 180, "texture": "#24", "cullface": "up"},
				"down": {"uv": [0, 0, 2, 0], "texture": "#24", "cullface": "up"}
			}
		},
		{
			"from": [3.5, 5, 6],
			"to": [3.5, 6, 8],
			"rotation": {"angle": 45, "axis": "x", "origin": [3, 5.5, 8]},
			"faces": {
				"north": {"uv": [0, 0, 0, 1], "rotation": 180, "texture": "#24", "cullface": "up"},
				"east": {"uv": [0, 2, 1, 4], "rotation": 270, "texture": "#24", "cullface": "up"},
				"south": {"uv": [0, 1, 0, 0], "texture": "#24", "cullface": "up"},
				"west": {"uv": [2, 0, 3, 2], "rotation": 90, "texture": "#24", "cullface": "up"},
				"up": {"uv": [0, 0, 0, 2], "rotation": 180, "texture": "#24", "cullface": "up"},
				"down": {"uv": [0, 0, 0, 2], "texture": "#24", "cullface": "up"}
			}
		},
		{
			"from": [2.5, 5, 6],
			"to": [3.5, 6, 6],
			"rotation": {"angle": 45, "axis": "x", "origin": [3, 5.5, 8]},
			"faces": {
				"north": {"uv": [4, 3, 3, 4], "rotation": 180, "texture": "#24", "cullface": "up"},
				"east": {"uv": [0, 0, 1, 0], "rotation": 270, "texture": "#24", "cullface": "up"},
				"south": {"uv": [4, 3, 3, 2], "texture": "#24", "cullface": "up"},
				"west": {"uv": [0, 0, 1, 0], "rotation": 90, "texture": "#24", "cullface": "up"},
				"up": {"uv": [0, 0, 1, 0], "rotation": 180, "texture": "#24", "cullface": "up"},
				"down": {"uv": [0, 0, 1, 0], "texture": "#24", "cullface": "up"}
			}
		},
		{
			"from": [0.5, 6.41421, 6.08579],
			"to": [2.5, 7.41421, 7.08579],
			"rotation": {"angle": 0, "axis": "y", "origin": [3, 5.5, 8]},
			"faces": {
				"north": {"uv": [3, 0, 5, 1], "rotation": 180, "texture": "#24", "cullface": "up"},
				"east": {"uv": [0, 4, 1, 5], "rotation": 180, "texture": "#24", "cullface": "up"},
				"south": {"uv": [1, 2, 3, 3], "rotation": 180, "texture": "#24", "cullface": "up"},
				"west": {"uv": [1, 4, 2, 5], "rotation": 180, "texture": "#24", "cullface": "up"},
				"up": {"uv": [5, 1, 3, 2], "texture": "#24", "cullface": "up"},
				"down": {"uv": [3, 4, 1, 3], "texture": "#24", "cullface": "up"}
			}
		},
		{
			"from": [3.5, 5.5, 7.5],
			"to": [5.5, 5.5, 8.5],
			"rotation": {"angle": -22.5, "axis": "x", "origin": [3, 5.5, 8]},
			"faces": {
				"north": {"uv": [0, 0, 2, 0], "rotation": 180, "texture": "#25", "cullface": "up"},
				"east": {"uv": [0, 0, 1, 0], "rotation": 180, "texture": "#25", "cullface": "up"},
				"south": {"uv": [0, 0, 2, 0], "rotation": 180, "texture": "#25", "cullface": "up"},
				"west": {"uv": [0, 0, 1, 0], "rotation": 180, "texture": "#25", "cullface": "up"},
				"up": {"uv": [2, 1, 0, 2], "texture": "#25", "cullface": "up"},
				"down": {"uv": [2, 1, 0, 0], "texture": "#25", "cullface": "up"}
			}
		},
		{
			"from": [3.5, 5.5, 7.5],
			"to": [3.5, 7.5, 8.5],
			"rotation": {"angle": -22.5, "axis": "x", "origin": [3, 5.5, 8]},
			"faces": {
				"north": {"uv": [0, 0, 0, 2], "rotation": 180, "texture": "#25", "cullface": "up"},
				"east": {"uv": [0, 2, 1, 4], "rotation": 180, "texture": "#25", "cullface": "up"},
				"south": {"uv": [0, 0, 0, 2], "rotation": 180, "texture": "#25", "cullface": "up"},
				"west": {"uv": [2, 0, 3, 2], "rotation": 180, "texture": "#25", "cullface": "up"},
				"up": {"uv": [0, 0, 0, 1], "texture": "#25", "cullface": "up"},
				"down": {"uv": [0, 1, 0, 0], "texture": "#25", "cullface": "up"}
			}
		},
		{
			"from": [2.5, 7.5, 7.5],
			"to": [3.5, 7.5, 8.5],
			"rotation": {"angle": -22.5, "axis": "x", "origin": [3, 5.5, 8]},
			"faces": {
				"north": {"uv": [0, 0, 1, 0], "rotation": 180, "texture": "#25", "cullface": "up"},
				"east": {"uv": [0, 0, 1, 0], "rotation": 180, "texture": "#25", "cullface": "up"},
				"south": {"uv": [0, 0, 1, 0], "rotation": 180, "texture": "#25", "cullface": "up"},
				"west": {"uv": [0, 0, 1, 0], "rotation": 180, "texture": "#25", "cullface": "up"},
				"up": {"uv": [4, 3, 3, 4], "texture": "#25", "cullface": "up"},
				"down": {"uv": [4, 3, 3, 2], "texture": "#25", "cullface": "up"}
			}
		},
		{
			"from": [0.5, 6.41421, 6.08579],
			"to": [2.5, 7.41421, 7.08579],
			"rotation": {"angle": 22.5, "axis": "x", "origin": [3, 5.5, 8]},
			"faces": {
				"north": {"uv": [3, 0, 5, 1], "rotation": 180, "texture": "#25", "cullface": "up"},
				"east": {"uv": [0, 4, 1, 5], "rotation": 180, "texture": "#25", "cullface": "up"},
				"south": {"uv": [1, 2, 3, 3], "rotation": 180, "texture": "#25", "cullface": "up"},
				"west": {"uv": [1, 4, 2, 5], "rotation": 180, "texture": "#25", "cullface": "up"},
				"up": {"uv": [5, 1, 3, 2], "texture": "#25", "cullface": "up"},
				"down": {"uv": [3, 4, 1, 3], "texture": "#25", "cullface": "up"}
			}
		},
		{
			"from": [3.5, 5.5, 7.5],
			"to": [5.5, 5.5, 8.5],
			"rotation": {"angle": 0, "axis": "y", "origin": [3, 5.5, 8]},
			"faces": {
				"north": {"uv": [0, 0, 2, 0], "rotation": 180, "texture": "#26", "cullface": "up"},
				"east": {"uv": [0, 0, 1, 0], "rotation": 180, "texture": "#26", "cullface": "up"},
				"south": {"uv": [0, 0, 2, 0], "rotation": 180, "texture": "#26", "cullface": "up"},
				"west": {"uv": [0, 0, 1, 0], "rotation": 180, "texture": "#26", "cullface": "up"},
				"up": {"uv": [2, 1, 0, 2], "texture": "#26", "cullface": "up"},
				"down": {"uv": [2, 1, 0, 0], "texture": "#26", "cullface": "up"}
			}
		},
		{
			"from": [3.5, 5.5, 7.5],
			"to": [3.5, 7.5, 8.5],
			"rotation": {"angle": 0, "axis": "y", "origin": [3, 5.5, 8]},
			"faces": {
				"north": {"uv": [0, 0, 0, 2], "rotation": 180, "texture": "#26", "cullface": "up"},
				"east": {"uv": [0, 2, 1, 4], "rotation": 180, "texture": "#26", "cullface": "up"},
				"south": {"uv": [0, 0, 0, 2], "rotation": 180, "texture": "#26", "cullface": "up"},
				"west": {"uv": [2, 0, 3, 2], "rotation": 180, "texture": "#26", "cullface": "up"},
				"up": {"uv": [0, 0, 0, 1], "texture": "#26", "cullface": "up"},
				"down": {"uv": [0, 1, 0, 0], "texture": "#26", "cullface": "up"}
			}
		},
		{
			"from": [2.5, 7.5, 7.5],
			"to": [3.5, 7.5, 8.5],
			"rotation": {"angle": 0, "axis": "y", "origin": [3, 5.5, 8]},
			"faces": {
				"north": {"uv": [0, 0, 1, 0], "rotation": 180, "texture": "#26", "cullface": "up"},
				"east": {"uv": [0, 0, 1, 0], "rotation": 180, "texture": "#26", "cullface": "up"},
				"south": {"uv": [0, 0, 1, 0], "rotation": 180, "texture": "#26", "cullface": "up"},
				"west": {"uv": [0, 0, 1, 0], "rotation": 180, "texture": "#26", "cullface": "up"},
				"up": {"uv": [4, 3, 3, 4], "texture": "#26", "cullface": "up"},
				"down": {"uv": [4, 3, 3, 2], "texture": "#26", "cullface": "up"}
			}
		},
		{
			"from": [0.5, 6.41421, 6.08579],
			"to": [2.5, 7.41421, 7.08579],
			"rotation": {"angle": 45, "axis": "x", "origin": [3, 5.5, 8]},
			"faces": {
				"north": {"uv": [3, 0, 5, 1], "rotation": 180, "texture": "#26", "cullface": "up"},
				"east": {"uv": [0, 4, 1, 5], "rotation": 180, "texture": "#26", "cullface": "up"},
				"south": {"uv": [1, 2, 3, 3], "rotation": 180, "texture": "#26", "cullface": "up"},
				"west": {"uv": [1, 4, 2, 5], "rotation": 180, "texture": "#26", "cullface": "up"},
				"up": {"uv": [5, 1, 3, 2], "texture": "#26", "cullface": "up"},
				"down": {"uv": [3, 4, 1, 3], "texture": "#26", "cullface": "up"}
			}
		},
		{
			"from": [3.5, 5.5, 7.5],
			"to": [5.5, 5.5, 8.5],
			"rotation": {"angle": 22.5, "axis": "x", "origin": [3, 5.5, 8]},
			"faces": {
				"north": {"uv": [0, 0, 2, 0], "rotation": 180, "texture": "#27", "cullface": "up"},
				"east": {"uv": [0, 0, 1, 0], "rotation": 180, "texture": "#27", "cullface": "up"},
				"south": {"uv": [0, 0, 2, 0], "rotation": 180, "texture": "#27", "cullface": "up"},
				"west": {"uv": [0, 0, 1, 0], "rotation": 180, "texture": "#27", "cullface": "up"},
				"up": {"uv": [2, 1, 0, 2], "texture": "#27", "cullface": "up"},
				"down": {"uv": [2, 1, 0, 0], "texture": "#27", "cullface": "up"}
			}
		},
		{
			"from": [3.5, 5.5, 7.5],
			"to": [3.5, 7.5, 8.5],
			"rotation": {"angle": 22.5, "axis": "x", "origin": [3, 5.5, 8]},
			"faces": {
				"north": {"uv": [0, 0, 0, 2], "rotation": 180, "texture": "#27", "cullface": "up"},
				"east": {"uv": [0, 2, 1, 4], "rotation": 180, "texture": "#27", "cullface": "up"},
				"south": {"uv": [0, 0, 0, 2], "rotation": 180, "texture": "#27", "cullface": "up"},
				"west": {"uv": [2, 0, 3, 2], "rotation": 180, "texture": "#27", "cullface": "up"},
				"up": {"uv": [0, 0, 0, 1], "texture": "#27", "cullface": "up"},
				"down": {"uv": [0, 1, 0, 0], "texture": "#27", "cullface": "up"}
			}
		},
		{
			"from": [2.5, 7.5, 7.5],
			"to": [3.5, 7.5, 8.5],
			"rotation": {"angle": 22.5, "axis": "x", "origin": [3, 5.5, 8]},
			"faces": {
				"north": {"uv": [0, 0, 1, 0], "rotation": 180, "texture": "#27", "cullface": "up"},
				"east": {"uv": [0, 0, 1, 0], "rotation": 180, "texture": "#27", "cullface": "up"},
				"south": {"uv": [0, 0, 1, 0], "rotation": 180, "texture": "#27", "cullface": "up"},
				"west": {"uv": [0, 0, 1, 0], "rotation": 180, "texture": "#27", "cullface": "up"},
				"up": {"uv": [4, 3, 3, 4], "texture": "#27", "cullface": "up"},
				"down": {"uv": [4, 3, 3, 2], "texture": "#27", "cullface": "up"}
			}
		},
		{
			"from": [0.5, 6.41421, 8.91421],
			"to": [2.5, 7.41421, 9.91421],
			"rotation": {"angle": -22.5, "axis": "x", "origin": [3, 5.5, 8]},
			"faces": {
				"north": {"uv": [3, 4, 1, 3], "rotation": 180, "texture": "#27", "cullface": "up"},
				"east": {"uv": [0, 4, 1, 5], "rotation": 90, "texture": "#27", "cullface": "up"},
				"south": {"uv": [5, 1, 3, 2], "texture": "#27", "cullface": "up"},
				"west": {"uv": [1, 4, 2, 5], "rotation": 270, "texture": "#27", "cullface": "up"},
				"up": {"uv": [3, 0, 5, 1], "texture": "#27", "cullface": "up"},
				"down": {"uv": [1, 2, 3, 3], "rotation": 180, "texture": "#27", "cullface": "up"}
			}
		},
		{
			"from": [3.5, 5.5, 7.5],
			"to": [5.5, 5.5, 8.5],
			"rotation": {"angle": 45, "axis": "x", "origin": [3, 5.5, 8]},
			"faces": {
				"north": {"uv": [0, 0, 2, 0], "rotation": 180, "texture": "#28", "cullface": "up"},
				"east": {"uv": [0, 0, 1, 0], "rotation": 180, "texture": "#28", "cullface": "up"},
				"south": {"uv": [0, 0, 2, 0], "rotation": 180, "texture": "#28", "cullface": "up"},
				"west": {"uv": [0, 0, 1, 0], "rotation": 180, "texture": "#28", "cullface": "up"},
				"up": {"uv": [2, 1, 0, 2], "texture": "#28", "cullface": "up"},
				"down": {"uv": [2, 1, 0, 0], "texture": "#28", "cullface": "up"}
			}
		},
		{
			"from": [3.5, 5.5, 7.5],
			"to": [3.5, 7.5, 8.5],
			"rotation": {"angle": 45, "axis": "x", "origin": [3, 5.5, 8]},
			"faces": {
				"north": {"uv": [0, 0, 0, 2], "rotation": 180, "texture": "#28", "cullface": "up"},
				"east": {"uv": [0, 2, 1, 4], "rotation": 180, "texture": "#28", "cullface": "up"},
				"south": {"uv": [0, 0, 0, 2], "rotation": 180, "texture": "#28", "cullface": "up"},
				"west": {"uv": [2, 0, 3, 2], "rotation": 180, "texture": "#28", "cullface": "up"},
				"up": {"uv": [0, 0, 0, 1], "texture": "#28", "cullface": "up"},
				"down": {"uv": [0, 1, 0, 0], "texture": "#28", "cullface": "up"}
			}
		},
		{
			"from": [2.5, 7.5, 7.5],
			"to": [3.5, 7.5, 8.5],
			"rotation": {"angle": 45, "axis": "x", "origin": [3, 5.5, 8]},
			"faces": {
				"north": {"uv": [0, 0, 1, 0], "rotation": 180, "texture": "#28", "cullface": "up"},
				"east": {"uv": [0, 0, 1, 0], "rotation": 180, "texture": "#28", "cullface": "up"},
				"south": {"uv": [0, 0, 1, 0], "rotation": 180, "texture": "#28", "cullface": "up"},
				"west": {"uv": [0, 0, 1, 0], "rotation": 180, "texture": "#28", "cullface": "up"},
				"up": {"uv": [4, 3, 3, 4], "texture": "#28", "cullface": "up"},
				"down": {"uv": [4, 3, 3, 2], "texture": "#28", "cullface": "up"}
			}
		},
		{
			"from": [0.5, 6.41421, 8.91421],
			"to": [2.5, 7.41421, 9.91421],
			"rotation": {"angle": 0, "axis": "y", "origin": [3, 5.5, 8]},
			"faces": {
				"north": {"uv": [3, 4, 1, 3], "rotation": 180, "texture": "#28", "cullface": "up"},
				"east": {"uv": [0, 4, 1, 5], "rotation": 90, "texture": "#28", "cullface": "up"},
				"south": {"uv": [5, 1, 3, 2], "texture": "#28", "cullface": "up"},
				"west": {"uv": [1, 4, 2, 5], "rotation": 270, "texture": "#28", "cullface": "up"},
				"up": {"uv": [3, 0, 5, 1], "texture": "#28", "cullface": "up"},
				"down": {"uv": [1, 2, 3, 3], "rotation": 180, "texture": "#28", "cullface": "up"}
			}
		},
		{
			"from": [3.5, 5, 8],
			"to": [5.5, 6, 8],
			"rotation": {"angle": -22.5, "axis": "x", "origin": [3, 5.5, 8]},
			"faces": {
				"north": {"uv": [2, 1, 0, 0], "rotation": 180, "texture": "#29", "cullface": "up"},
				"east": {"uv": [0, 0, 1, 0], "rotation": 90, "texture": "#29", "cullface": "up"},
				"south": {"uv": [2, 1, 0, 2], "texture": "#29", "cullface": "up"},
				"west": {"uv": [0, 0, 1, 0], "rotation": 270, "texture": "#29", "cullface": "up"},
				"up": {"uv": [0, 0, 2, 0], "texture": "#29", "cullface": "up"},
				"down": {"uv": [0, 0, 2, 0], "rotation": 180, "texture": "#29", "cullface": "up"}
			}
		},
		{
			"from": [3.5, 5, 8],
			"to": [3.5, 6, 10],
			"rotation": {"angle": -22.5, "axis": "x", "origin": [3, 5.5, 8]},
			"faces": {
				"north": {"uv": [0, 1, 0, 0], "rotation": 180, "texture": "#29", "cullface": "up"},
				"east": {"uv": [0, 2, 1, 4], "rotation": 90, "texture": "#29", "cullface": "up"},
				"south": {"uv": [0, 0, 0, 1], "texture": "#29", "cullface": "up"},
				"west": {"uv": [2, 0, 3, 2], "rotation": 270, "texture": "#29", "cullface": "up"},
				"up": {"uv": [0, 0, 0, 2], "texture": "#29", "cullface": "up"},
				"down": {"uv": [0, 0, 0, 2], "rotation": 180, "texture": "#29", "cullface": "up"}
			}
		},
		{
			"from": [2.5, 5, 10],
			"to": [3.5, 6, 10],
			"rotation": {"angle": -22.5, "axis": "x", "origin": [3, 5.5, 8]},
			"faces": {
				"north": {"uv": [4, 3, 3, 2], "rotation": 180, "texture": "#29", "cullface": "up"},
				"east": {"uv": [0, 0, 1, 0], "rotation": 90, "texture": "#29", "cullface": "up"},
				"south": {"uv": [4, 3, 3, 4], "texture": "#29", "cullface": "up"},
				"west": {"uv": [0, 0, 1, 0], "rotation": 270, "texture": "#29", "cullface": "up"},
				"up": {"uv": [0, 0, 1, 0], "texture": "#29", "cullface": "up"},
				"down": {"uv": [0, 0, 1, 0], "rotation": 180, "texture": "#29", "cullface": "up"}
			}
		},
		{
			"from": [0.5, 6.41421, 8.91421],
			"to": [2.5, 7.41421, 9.91421],
			"rotation": {"angle": 22.5, "axis": "x", "origin": [3, 5.5, 8]},
			"faces": {
				"north": {"uv": [3, 4, 1, 3], "rotation": 180, "texture": "#29", "cullface": "up"},
				"east": {"uv": [0, 4, 1, 5], "rotation": 90, "texture": "#29", "cullface": "up"},
				"south": {"uv": [5, 1, 3, 2], "texture": "#29", "cullface": "up"},
				"west": {"uv": [1, 4, 2, 5], "rotation": 270, "texture": "#29", "cullface": "up"},
				"up": {"uv": [3, 0, 5, 1], "texture": "#29", "cullface": "up"},
				"down": {"uv": [1, 2, 3, 3], "rotation": 180, "texture": "#29", "cullface": "up"}
			}
		},
		{
			"from": [3.5, 5, 8],
			"to": [5.5, 6, 8],
			"rotation": {"angle": 0, "axis": "y", "origin": [3, 5.5, 8]},
			"faces": {
				"north": {"uv": [2, 1, 0, 0], "rotation": 180, "texture": "#30", "cullface": "up"},
				"east": {"uv": [0, 0, 1, 0], "rotation": 90, "texture": "#30", "cullface": "up"},
				"south": {"uv": [2, 1, 0, 2], "texture": "#30", "cullface": "up"},
				"west": {"uv": [0, 0, 1, 0], "rotation": 270, "texture": "#30", "cullface": "up"},
				"up": {"uv": [0, 0, 2, 0], "texture": "#30", "cullface": "up"},
				"down": {"uv": [0, 0, 2, 0], "rotation": 180, "texture": "#30", "cullface": "up"}
			}
		},
		{
			"from": [3.5, 5, 8],
			"to": [3.5, 6, 10],
			"rotation": {"angle": 0, "axis": "y", "origin": [3, 5.5, 8]},
			"faces": {
				"north": {"uv": [0, 1, 0, 0], "rotation": 180, "texture": "#30", "cullface": "up"},
				"east": {"uv": [0, 2, 1, 4], "rotation": 90, "texture": "#30", "cullface": "up"},
				"south": {"uv": [0, 0, 0, 1], "texture": "#30", "cullface": "up"},
				"west": {"uv": [2, 0, 3, 2], "rotation": 270, "texture": "#30", "cullface": "up"},
				"up": {"uv": [0, 0, 0, 2], "texture": "#30", "cullface": "up"},
				"down": {"uv": [0, 0, 0, 2], "rotation": 180, "texture": "#30", "cullface": "up"}
			}
		},
		{
			"from": [2.5, 5, 10],
			"to": [3.5, 6, 10],
			"rotation": {"angle": 0, "axis": "y", "origin": [3, 5.5, 8]},
			"faces": {
				"north": {"uv": [4, 3, 3, 2], "rotation": 180, "texture": "#30", "cullface": "up"},
				"east": {"uv": [0, 0, 1, 0], "rotation": 90, "texture": "#30", "cullface": "up"},
				"south": {"uv": [4, 3, 3, 4], "texture": "#30", "cullface": "up"},
				"west": {"uv": [0, 0, 1, 0], "rotation": 270, "texture": "#30", "cullface": "up"},
				"up": {"uv": [0, 0, 1, 0], "texture": "#30", "cullface": "up"},
				"down": {"uv": [0, 0, 1, 0], "rotation": 180, "texture": "#30", "cullface": "up"}
			}
		},
		{
			"from": [0.5, 6.41421, 8.91421],
			"to": [2.5, 7.41421, 9.91421],
			"rotation": {"angle": 45, "axis": "x", "origin": [3, 5.5, 8]},
			"faces": {
				"north": {"uv": [3, 4, 1, 3], "rotation": 180, "texture": "#30", "cullface": "up"},
				"east": {"uv": [0, 4, 1, 5], "rotation": 90, "texture": "#30", "cullface": "up"},
				"south": {"uv": [5, 1, 3, 2], "texture": "#30", "cullface": "up"},
				"west": {"uv": [1, 4, 2, 5], "rotation": 270, "texture": "#30", "cullface": "up"},
				"up": {"uv": [3, 0, 5, 1], "texture": "#30", "cullface": "up"},
				"down": {"uv": [1, 2, 3, 3], "rotation": 180, "texture": "#30", "cullface": "up"}
			}
		},
		{
			"from": [3.5, 5, 8],
			"to": [5.5, 6, 8],
			"rotation": {"angle": 22.5, "axis": "x", "origin": [3, 5.5, 8]},
			"faces": {
				"north": {"uv": [2, 1, 0, 0], "rotation": 180, "texture": "#31", "cullface": "up"},
				"east": {"uv": [0, 0, 1, 0], "rotation": 90, "texture": "#31", "cullface": "up"},
				"south": {"uv": [2, 1, 0, 2], "texture": "#31", "cullface": "up"},
				"west": {"uv": [0, 0, 1, 0], "rotation": 270, "texture": "#31", "cullface": "up"},
				"up": {"uv": [0, 0, 2, 0], "texture": "#31", "cullface": "up"},
				"down": {"uv": [0, 0, 2, 0], "rotation": 180, "texture": "#31", "cullface": "up"}
			}
		},
		{
			"from": [3.5, 5, 8],
			"to": [3.5, 6, 10],
			"rotation": {"angle": 22.5, "axis": "x", "origin": [3, 5.5, 8]},
			"faces": {
				"north": {"uv": [0, 1, 0, 0], "rotation": 180, "texture": "#31", "cullface": "up"},
				"east": {"uv": [0, 2, 1, 4], "rotation": 90, "texture": "#31", "cullface": "up"},
				"south": {"uv": [0, 0, 0, 1], "texture": "#31", "cullface": "up"},
				"west": {"uv": [2, 0, 3, 2], "rotation": 270, "texture": "#31", "cullface": "up"},
				"up": {"uv": [0, 0, 0, 2], "texture": "#31", "cullface": "up"},
				"down": {"uv": [0, 0, 0, 2], "rotation": 180, "texture": "#31", "cullface": "up"}
			}
		},
		{
			"from": [2.5, 5, 10],
			"to": [3.5, 6, 10],
			"rotation": {"angle": 22.5, "axis": "x", "origin": [3, 5.5, 8]},
			"faces": {
				"north": {"uv": [4, 3, 3, 2], "rotation": 180, "texture": "#31", "cullface": "up"},
				"east": {"uv": [0, 0, 1, 0], "rotation": 90, "texture": "#31", "cullface": "up"},
				"south": {"uv": [4, 3, 3, 4], "texture": "#31", "cullface": "up"},
				"west": {"uv": [0, 0, 1, 0], "rotation": 270, "texture": "#31", "cullface": "up"},
				"up": {"uv": [0, 0, 1, 0], "texture": "#31", "cullface": "up"},
				"down": {"uv": [0, 0, 1, 0], "rotation": 180, "texture": "#31", "cullface": "up"}
			}
		},
		{
			"from": [0.5, 3.58579, 8.91421],
			"to": [2.5, 4.58579, 9.91421],
			"rotation": {"angle": -22.5, "axis": "x", "origin": [3, 5.5, 8]},
			"faces": {
				"north": {"uv": [1, 2, 3, 3], "texture": "#31", "cullface": "up"},
				"east": {"uv": [0, 4, 1, 5], "texture": "#31", "cullface": "up"},
				"south": {"uv": [3, 0, 5, 1], "texture": "#31", "cullface": "up"},
				"west": {"uv": [1, 4, 2, 5], "texture": "#31", "cullface": "up"},
				"up": {"uv": [3, 4, 1, 3], "texture": "#31", "cullface": "up"},
				"down": {"uv": [5, 1, 3, 2], "texture": "#31", "cullface": "up"}
			}
		},
		{
			"from": [3.5, 5, 8],
			"to": [5.5, 6, 8],
			"rotation": {"angle": 45, "axis": "x", "origin": [3, 5.5, 8]},
			"faces": {
				"north": {"uv": [2, 1, 0, 0], "rotation": 180, "texture": "#32", "cullface": "up"},
				"east": {"uv": [0, 0, 1, 0], "rotation": 90, "texture": "#32", "cullface": "up"},
				"south": {"uv": [2, 1, 0, 2], "texture": "#32", "cullface": "up"},
				"west": {"uv": [0, 0, 1, 0], "rotation": 270, "texture": "#32", "cullface": "up"},
				"up": {"uv": [0, 0, 2, 0], "texture": "#32", "cullface": "up"},
				"down": {"uv": [0, 0, 2, 0], "rotation": 180, "texture": "#32", "cullface": "up"}
			}
		},
		{
			"from": [3.5, 5, 8],
			"to": [3.5, 6, 10],
			"rotation": {"angle": 45, "axis": "x", "origin": [3, 5.5, 8]},
			"faces": {
				"north": {"uv": [0, 1, 0, 0], "rotation": 180, "texture": "#32", "cullface": "up"},
				"east": {"uv": [0, 2, 1, 4], "rotation": 90, "texture": "#32", "cullface": "up"},
				"south": {"uv": [0, 0, 0, 1], "texture": "#32", "cullface": "up"},
				"west": {"uv": [2, 0, 3, 2], "rotation": 270, "texture": "#32", "cullface": "up"},
				"up": {"uv": [0, 0, 0, 2], "texture": "#32", "cullface": "up"},
				"down": {"uv": [0, 0, 0, 2], "rotation": 180, "texture": "#32", "cullface": "up"}
			}
		},
		{
			"from": [2.5, 5, 10],
			"to": [3.5, 6, 10],
			"rotation": {"angle": 45, "axis": "x", "origin": [3, 5.5, 8]},
			"faces": {
				"north": {"uv": [4, 3, 3, 2], "rotation": 180, "texture": "#32", "cullface": "up"},
				"east": {"uv": [0, 0, 1, 0], "rotation": 90, "texture": "#32", "cullface": "up"},
				"south": {"uv": [4, 3, 3, 4], "texture": "#32", "cullface": "up"},
				"west": {"uv": [0, 0, 1, 0], "rotation": 270, "texture": "#32", "cullface": "up"},
				"up": {"uv": [0, 0, 1, 0], "texture": "#32", "cullface": "up"},
				"down": {"uv": [0, 0, 1, 0], "rotation": 180, "texture": "#32", "cullface": "up"}
			}
		},
		{
			"from": [0.5, 3.58579, 8.91421],
			"to": [2.5, 4.58579, 9.91421],
			"rotation": {"angle": 0, "axis": "y", "origin": [3, 5.5, 8]},
			"faces": {
				"north": {"uv": [1, 2, 3, 3], "texture": "#32", "cullface": "up"},
				"east": {"uv": [0, 4, 1, 5], "texture": "#32", "cullface": "up"},
				"south": {"uv": [3, 0, 5, 1], "texture": "#32", "cullface": "up"},
				"west": {"uv": [1, 4, 2, 5], "texture": "#32", "cullface": "up"},
				"up": {"uv": [3, 4, 1, 3], "texture": "#32", "cullface": "up"},
				"down": {"uv": [5, 1, 3, 2], "texture": "#32", "cullface": "up"}
			}
		},
		{
			"from": [3.5, 5.5, 7.5],
			"to": [5.5, 5.5, 8.5],
			"rotation": {"angle": -22.5, "axis": "x", "origin": [3, 5.5, 8]},
			"faces": {
				"north": {"uv": [0, 0, 2, 0], "texture": "#33", "cullface": "up"},
				"east": {"uv": [0, 0, 1, 0], "texture": "#33", "cullface": "up"},
				"south": {"uv": [0, 0, 2, 0], "texture": "#33", "cullface": "up"},
				"west": {"uv": [0, 0, 1, 0], "texture": "#33", "cullface": "up"},
				"up": {"uv": [2, 1, 0, 0], "texture": "#33", "cullface": "up"},
				"down": {"uv": [2, 1, 0, 2], "texture": "#33", "cullface": "up"}
			}
		},
		{
			"from": [3.5, 3.5, 7.5],
			"to": [3.5, 5.5, 8.5],
			"rotation": {"angle": -22.5, "axis": "x", "origin": [3, 5.5, 8]},
			"faces": {
				"north": {"uv": [0, 0, 0, 2], "texture": "#33", "cullface": "up"},
				"east": {"uv": [0, 2, 1, 4], "texture": "#33", "cullface": "up"},
				"south": {"uv": [0, 0, 0, 2], "texture": "#33", "cullface": "up"},
				"west": {"uv": [2, 0, 3, 2], "texture": "#33", "cullface": "up"},
				"up": {"uv": [0, 1, 0, 0], "texture": "#33", "cullface": "up"},
				"down": {"uv": [0, 0, 0, 1], "texture": "#33", "cullface": "up"}
			}
		},
		{
			"from": [2.5, 3.5, 7.5],
			"to": [3.5, 3.5, 8.5],
			"rotation": {"angle": -22.5, "axis": "x", "origin": [3, 5.5, 8]},
			"faces": {
				"north": {"uv": [0, 0, 1, 0], "texture": "#33", "cullface": "up"},
				"east": {"uv": [0, 0, 1, 0], "texture": "#33", "cullface": "up"},
				"south": {"uv": [0, 0, 1, 0], "texture": "#33", "cullface": "up"},
				"west": {"uv": [0, 0, 1, 0], "texture": "#33", "cullface": "up"},
				"up": {"uv": [4, 3, 3, 2], "texture": "#33", "cullface": "up"},
				"down": {"uv": [4, 3, 3, 4], "texture": "#33", "cullface": "up"}
			}
		},
		{
			"from": [0.5, 3.58579, 8.91421],
			"to": [2.5, 4.58579, 9.91421],
			"rotation": {"angle": 22.5, "axis": "x", "origin": [3, 5.5, 8]},
			"faces": {
				"north": {"uv": [1, 2, 3, 3], "texture": "#33", "cullface": "up"},
				"east": {"uv": [0, 4, 1, 5], "texture": "#33", "cullface": "up"},
				"south": {"uv": [3, 0, 5, 1], "texture": "#33", "cullface": "up"},
				"west": {"uv": [1, 4, 2, 5], "texture": "#33", "cullface": "up"},
				"up": {"uv": [3, 4, 1, 3], "texture": "#33", "cullface": "up"},
				"down": {"uv": [5, 1, 3, 2], "texture": "#33", "cullface": "up"}
			}
		}
	],
	"display": {
		"head": {
			"rotation": [-30, 0, 0],
			"translation": [0, -30.75, -7.25],
			"scale": [3.0125, 3.0125, 3.0125]
		},
		"fixed": {
			"rotation": [-90, 12.75, 0],
			"translation": [0, 0, -15.25],
			"scale": [1.9, 1.9, 1.9]
		}
	},
	"groups": [
		{
			"name": "group",
			"origin": [8, 2.5, 8],
			"color": 0,
			"children": [
				0,
				1,
				2,
				3,
				4,
				{
					"name": "group",
					"origin": [8, 8, 8],
					"color": 0,
					"children": [
						{
							"name": "disk_0",
							"origin": [8, 8, 8],
							"color": 0,
							"children": [5]
						},
						{
							"name": "disk_1",
							"origin": [8, 8, 8],
							"color": 0,
							"children": [6, 7, 8, 9, 10]
						},
						{
							"name": "disk_2",
							"origin": [8, 8, 8],
							"color": 0,
							"children": [11]
						},
						{
							"name": "disk_3",
							"origin": [8, 8, 8],
							"color": 0,
							"children": [12]
						},
						{
							"name": "disk_4",
							"origin": [8, 8, 8],
							"color": 0,
							"children": [13]
						},
						{
							"name": "disk_5",
							"origin": [8, 8, 8],
							"color": 0,
							"children": [14]
						},
						{
							"name": "disk_6",
							"origin": [8, 8, 8],
							"color": 0,
							"children": [15]
						},
						{
							"name": "disk_7",
							"origin": [8, 8, 8],
							"color": 0,
							"children": [16]
						},
						{
							"name": "disk_8",
							"origin": [8, 8, 8],
							"color": 0,
							"children": [17]
						},
						{
							"name": "disk_9",
							"origin": [8, 8, 8],
							"color": 0,
							"children": [18]
						},
						{
							"name": "disk_a",
							"origin": [8, 8, 8],
							"color": 0,
							"children": [19]
						},
						{
							"name": "disk_b",
							"origin": [8, 8, 8],
							"color": 0,
							"children": [20]
						},
						{
							"name": "disk_c",
							"origin": [8, 8, 8],
							"color": 0,
							"children": [21]
						},
						{
							"name": "disk_d",
							"origin": [8, 8, 8],
							"color": 0,
							"children": [22]
						},
						{
							"name": "disk_e",
							"origin": [8, 8, 8],
							"color": 0,
							"children": [23]
						},
						{
							"name": "disk_f",
							"origin": [8, 8, 8],
							"color": 0,
							"children": [24]
						}
					]
				},
				{
					"name": "group",
					"origin": [13.29289, 0.5, 3],
					"color": 0,
					"children": [25, 26]
				},
				{
					"name": "group",
					"origin": [8, 2.5, 8],
					"color": 0,
					"children": [27, 28, 29, 30, 31, 32, 33, 34]
				},
				{
					"name": "group",
					"origin": [8, 8, 8],
					"color": 0,
					"children": [35, 36, 37]
				},
				{
					"name": "hand",
					"origin": [8, 2.5, 8],
					"color": 0,
					"children": [
						{
							"name": "0",
							"origin": [8, 2.5, 8],
							"color": 0,
							"children": [38, 39, 40, 41]
						},
						{
							"name": "0",
							"origin": [8, 2.5, 8],
							"color": 0,
							"children": [42, 43, 44, 45]
						},
						{
							"name": "0",
							"origin": [8, 2.5, 8],
							"color": 0,
							"children": [46, 47, 48, 49]
						},
						{
							"name": "0",
							"origin": [8, 2.5, 8],
							"color": 0,
							"children": [50, 51, 52, 53]
						},
						{
							"name": "0",
							"origin": [8, 2.5, 8],
							"color": 0,
							"children": [54, 55, 56, 57]
						},
						{
							"name": "0",
							"origin": [8, 2.5, 8],
							"color": 0,
							"children": [58, 59, 60, 61]
						},
						{
							"name": "0",
							"origin": [8, 2.5, 8],
							"color": 0,
							"children": [62, 63, 64, 65]
						},
						{
							"name": "0",
							"origin": [8, 2.5, 8],
							"color": 0,
							"children": [66, 67, 68, 69]
						},
						{
							"name": "0",
							"origin": [8, 2.5, 8],
							"color": 0,
							"children": [70, 71, 72, 73]
						},
						{
							"name": "0",
							"origin": [8, 2.5, 8],
							"color": 0,
							"children": [74, 75, 76, 77]
						},
						{
							"name": "0",
							"origin": [8, 2.5, 8],
							"color": 0,
							"children": [78, 79, 80, 81]
						},
						{
							"name": "0",
							"origin": [8, 2.5, 8],
							"color": 0,
							"children": [82, 83, 84, 85]
						},
						{
							"name": "0",
							"origin": [8, 2.5, 8],
							"color": 0,
							"children": [86, 87, 88, 89]
						},
						{
							"name": "0",
							"origin": [8, 2.5, 8],
							"color": 0,
							"children": [90, 91, 92, 93]
						},
						{
							"name": "0",
							"origin": [8, 2.5, 8],
							"color": 0,
							"children": [94, 95, 96, 97]
						},
						{
							"name": "0",
							"origin": [8, 2.5, 8],
							"color": 0,
							"children": [98, 99, 100, 101]
						}
					]
				}
			]
		}
	]
}