{
	"credit": "Made with Blockbench",
	"texture_size": [64, 64],
	"textures": {
		"1": "item/decore/furniture/sign/sign",
		"particle": "item/decore/furniture/sign/sign"
	},
	"elements": [
		{
			"from": [4.5, 17, 7.125],
			"to": [11.5, 24, 7.625],
			"rotation": {"angle": 0, "axis": "y", "origin": [4, 8, 4.125]},
			"faces": {
				"north": {"uv": [0, 0, 3.5, 3.5], "texture": "#1"},
				"east": {"uv": [6, 4, 6.25, 7.5], "texture": "#1"},
				"south": {"uv": [0, 3.5, 3.5, 7], "texture": "#1"},
				"west": {"uv": [4.5, 6, 4.75, 9.5], "texture": "#1"},
				"up": {"uv": [9.75, 4.25, 6.25, 4], "texture": "#1"},
				"down": {"uv": [9.75, 4.25, 6.25, 4.5], "texture": "#1"}
			}
		},
		{
			"from": [6, 21, 7.375],
			"to": [10, 22, 7.875],
			"rotation": {"angle": 0, "axis": "y", "origin": [4, 8, 4]},
			"faces": {
				"north": {"uv": [6, 2, 8, 2.5], "texture": "#1"},
				"east": {"uv": [0, 7.25, 0.25, 7.75], "texture": "#1"},
				"south": {"uv": [6, 2.5, 8, 3], "texture": "#1"},
				"west": {"uv": [0.25, 7.25, 0.5, 7.75], "texture": "#1"},
				"up": {"uv": [8.25, 4.75, 6.25, 4.5], "texture": "#1"},
				"down": {"uv": [8.25, 4.75, 6.25, 5], "texture": "#1"}
			}
		},
		{
			"from": [7.5, 18.5, 7.875],
			"to": [8.5, 19.5, 8.375],
			"rotation": {"angle": 0, "axis": "y", "origin": [8, 21.75, 7.875]},
			"faces": {
				"north": {"uv": [5, 7, 5.5, 7.5], "texture": "#1"},
				"east": {"uv": [1, 7.25, 1.25, 7.75], "texture": "#1"},
				"south": {"uv": [5.5, 7, 6, 7.5], "texture": "#1"},
				"west": {"uv": [1.25, 7.25, 1.5, 7.75], "texture": "#1"},
				"up": {"uv": [2, 7.5, 1.5, 7.25], "texture": "#1"},
				"down": {"uv": [2.5, 7.25, 2, 7.5], "texture": "#1"}
			}
		},
		{
			"from": [7.5, 21, 7.875],
			"to": [8.5, 22, 8.375],
			"rotation": {"angle": 0, "axis": "y", "origin": [8, 21.75, 7.875]},
			"faces": {
				"north": {"uv": [6.25, 7, 6.75, 7.5], "texture": "#1"},
				"east": {"uv": [2.5, 7.25, 2.75, 7.75], "texture": "#1"},
				"south": {"uv": [6.75, 7, 7.25, 7.5], "texture": "#1"},
				"west": {"uv": [2.75, 7.25, 3, 7.75], "texture": "#1"},
				"up": {"uv": [7.75, 7.25, 7.25, 7], "texture": "#1"},
				"down": {"uv": [7.75, 7.25, 7.25, 7.5], "texture": "#1"}
			}
		},
		{
			"from": [6, 18.5, 7.375],
			"to": [10, 19.5, 7.875],
			"rotation": {"angle": 0, "axis": "y", "origin": [4, 8, 4]},
			"faces": {
				"north": {"uv": [6, 3, 8, 3.5], "texture": "#1"},
				"east": {"uv": [0.5, 7.25, 0.75, 7.75], "texture": "#1"},
				"south": {"uv": [6, 3.5, 8, 4], "texture": "#1"},
				"west": {"uv": [0.75, 7.25, 1, 7.75], "texture": "#1"},
				"up": {"uv": [8.25, 5.25, 6.25, 5], "texture": "#1"},
				"down": {"uv": [8.25, 5.25, 6.25, 5.5], "texture": "#1"}
			}
		},
		{
			"from": [9.5, 17, 7.1275],
			"to": [12.32843, 18.5, 7.6225],
			"rotation": {"angle": 45, "axis": "z", "origin": [9.5, 17, 7.375]},
			"faces": {
				"north": {"uv": [6, 0, 7.5, 1], "texture": "#1"},
				"east": {"uv": [3.25, 7, 3.5, 8], "texture": "#1"},
				"south": {"uv": [6, 1, 7.5, 2], "texture": "#1"},
				"west": {"uv": [4.75, 7, 5, 8], "texture": "#1"},
				"up": {"uv": [1.5, 7.25, 0, 7], "texture": "#1"},
				"down": {"uv": [3, 7, 1.5, 7.25], "texture": "#1"}
			}
		},
		{
			"from": [9.5, 22.5, 7.1275],
			"to": [12.32843, 24, 7.6225],
			"rotation": {"angle": -45, "axis": "z", "origin": [9.5, 24, 7.375]},
			"faces": {
				"north": {"uv": [4.5, 2, 6, 3], "texture": "#1"},
				"east": {"uv": [5.25, 6, 5.5, 7], "texture": "#1"},
				"south": {"uv": [4.5, 3, 6, 4], "texture": "#1"},
				"west": {"uv": [5.5, 6, 5.75, 7], "texture": "#1"},
				"up": {"uv": [7.75, 6.25, 6.25, 6], "texture": "#1"},
				"down": {"uv": [7.75, 6.25, 6.25, 6.5], "texture": "#1"}
			}
		},
		{
			"from": [3.67157, 22.5, 7.1275],
			"to": [6.5, 24, 7.6225],
			"rotation": {"angle": 45, "axis": "z", "origin": [6.5, 24, 7.375]},
			"faces": {
				"north": {"uv": [4.5, 4, 6, 5], "texture": "#1"},
				"east": {"uv": [5.75, 6, 6, 7], "texture": "#1"},
				"south": {"uv": [4.5, 5, 6, 6], "texture": "#1"},
				"west": {"uv": [3, 7, 3.25, 8], "texture": "#1"},
				"up": {"uv": [7.75, 6.75, 6.25, 6.5], "texture": "#1"},
				"down": {"uv": [7.75, 6.75, 6.25, 7], "texture": "#1"}
			}
		},
		{
			"from": [3.67157, 17, 7.1275],
			"to": [6.5, 18.5, 7.6225],
			"rotation": {"angle": -45, "axis": "z", "origin": [6.5, 17, 7.375]},
			"faces": {
				"north": {"uv": [4.5, 0, 6, 1], "texture": "#1"},
				"east": {"uv": [4.75, 6, 5, 7], "texture": "#1"},
				"south": {"uv": [4.5, 1, 6, 2], "texture": "#1"},
				"west": {"uv": [5, 6, 5.25, 7], "texture": "#1"},
				"up": {"uv": [7.75, 5.75, 6.25, 5.5], "texture": "#1"},
				"down": {"uv": [7.75, 5.75, 6.25, 6], "texture": "#1"}
			}
		},
		{
			"from": [7.75, 0, 7.75],
			"to": [8.25, 23, 8.25],
			"rotation": {"angle": -45, "axis": "y", "origin": [8, 11.5, 8]},
			"faces": {
				"north": {"uv": [3.5, 0, 3.75, 11.5], "texture": "#1"},
				"east": {"uv": [3.75, 0, 4, 11.5], "texture": "#1"},
				"south": {"uv": [4, 0, 4.25, 11.5], "texture": "#1"},
				"west": {"uv": [4.25, 0, 4.5, 11.5], "texture": "#1"},
				"up": {"uv": [7.75, 0.25, 7.5, 0], "texture": "#1"},
				"down": {"uv": [7.75, 0.25, 7.5, 0.5], "texture": "#1"}
			}
		}
	],
	"gui_light": "front",
	"display": {
		"thirdperson_righthand": {
			"rotation": [0, 90, 0],
			"translation": [0, 0, 1.25],
			"scale": [2, 2, 2]
		},
		"thirdperson_lefthand": {
			"rotation": [0, 90, 0],
			"translation": [0, 0, 1.25],
			"scale": [2, 2, 2]
		},
		"firstperson_righthand": {
			"rotation": [177, 70, 130],
			"translation": [7.5, -2, 8.5],
			"scale": [2, 2, 2]
		},
		"firstperson_lefthand": {
			"rotation": [177, 70, 130],
			"translation": [7.5, -2, 8.5],
			"scale": [2, 2, 2]
		},
		"ground": {
			"rotation": [90, 0, 90],
			"translation": [7.5, -2.5, 0],
			"scale": [2, 2, 2]
		},
		"gui": {
			"rotation": [0, -180, 45],
			"translation": [-3, -3, 0]
		},
		"head": {
			"translation": [0, 32, 0],
			"scale": [3.2, 3.2, 3.2]
		},
		"fixed": {
			"rotation": [-90, 0, 0],
			"translation": [0, 0, -21],
			"scale": [3, 3, 3]
		}
	},
	"groups": [
		{
			"name": "sign",
			"origin": [5, 18, 6.5],
			"color": 0,
			"children": [
				{
					"name": "main",
					"origin": [0, 0, 0],
					"color": 0,
					"children": [0]
				},
				{
					"name": "conn",
					"origin": [5, 18, 6.5],
					"color": 0,
					"children": [1, 2, 3, 4]
				},
				5,
				6,
				7,
				8,
				9
			]
		}
	]
}