{
	"credit": "Made with Blockbench",
	"texture_size": [16, 24],
	"textures": {
		"0": "item/decore/furniture/te/textureanimte",
		"1": "item/decore/furniture/te/textureanimteun",
		"particle": "item/decore/furniture/te/textureanimte"
	},
	"elements": [
		{
			"from": [0, -1, -3],
			"to": [11, 24, 19],
			"faces": {
				"north": {"uv": [0, 0, 16, 16], "texture": "#0"},
				"east": {"uv": [0, 0, 16, 7.64444], "texture": "#1"},
				"south": {"uv": [0, 0, 16, 16], "texture": "#0"},
				"west": {"uv": [0, 0, 16, 16], "texture": "#0"},
				"up": {"uv": [0, 0, 16, 16], "texture": "#0"},
				"down": {"uv": [0, 0, 16, 16], "texture": "#0"}
			}
		},
		{
			"from": [0, 24, 0],
			"to": [4, 31, 8],
			"faces": {
				"north": {"uv": [6.98667, 3.41333, 8.64, 5.12], "texture": "#1"},
				"east": {"uv": [6.98667, 3.41333, 10.29333, 5.12], "texture": "#1"},
				"south": {"uv": [6.98667, 3.41333, 8.64, 5.12], "texture": "#1"},
				"west": {"uv": [6.98667, 3.41333, 10.29333, 5.12], "texture": "#1"},
				"up": {"uv": [6.98667, 3.41333, 8.64, 5.12], "texture": "#1"},
				"down": {"uv": [6.98667, 3.41333, 8.64, 5.12], "texture": "#1"}
			}
		},
		{
			"from": [0, 24, 10.1],
			"to": [0.6, 32, 10.7],
			"faces": {
				"north": {"uv": [6.98667, 3.41333, 8.64, 5.12], "texture": "#1"},
				"east": {"uv": [6.98667, 3.41333, 10.29333, 5.12], "texture": "#1"},
				"south": {"uv": [6.98667, 3.41333, 8.64, 5.12], "texture": "#1"},
				"west": {"uv": [6.98667, 3.41333, 10.29333, 5.12], "texture": "#1"},
				"up": {"uv": [6.98667, 3.41333, 8.64, 5.12], "texture": "#1"},
				"down": {"uv": [6.98667, 3.41333, 8.64, 5.12], "texture": "#1"}
			}
		},
		{
			"from": [0, 24, 13.1],
			"to": [0.7, 32, 13.7],
			"faces": {
				"north": {"uv": [6.98667, 3.41333, 8.64, 5.12], "texture": "#1"},
				"east": {"uv": [6.98667, 3.41333, 10.29333, 5.12], "texture": "#1"},
				"south": {"uv": [6.98667, 3.41333, 8.64, 5.12], "texture": "#1"},
				"west": {"uv": [6.98667, 3.41333, 10.29333, 5.12], "texture": "#1"},
				"up": {"uv": [6.98667, 3.41333, 8.64, 5.12], "texture": "#1"},
				"down": {"uv": [6.98667, 3.41333, 8.64, 5.12], "texture": "#1"}
			}
		},
		{
			"from": [0, 31, 0],
			"to": [3, 32, 8],
			"faces": {
				"north": {"uv": [6.98667, 3.41333, 8.22667, 3.84], "texture": "#1"},
				"east": {"uv": [6.98667, 3.41333, 10.29333, 3.84], "texture": "#1"},
				"south": {"uv": [6.98667, 3.41333, 8.22667, 3.84], "texture": "#1"},
				"west": {"uv": [6.98667, 3.41333, 10.29333, 3.84], "texture": "#1"},
				"up": {"uv": [6.98667, 3.41333, 8.22667, 5.12], "texture": "#1"},
				"down": {"uv": [6.98667, 3.41333, 8.22667, 5.12], "texture": "#1"}
			}
		},
		{
			"name": "hexadecagon",
			"from": [10.5, 9.85524, 15.975],
			"to": [11.5, 9.94476, 16.425],
			"rotation": {"angle": -45, "axis": "x", "origin": [11, 9.9, 16.2]},
			"faces": {
				"north": {"uv": [3.01867, 15.712, 4.57333, 15.95556], "texture": "#1"},
				"east": {"uv": [3.01867, 15.712, 4.57333, 15.95556], "texture": "#1"},
				"south": {"uv": [3.01867, 15.712, 4.57333, 15.95556], "texture": "#1"},
				"west": {"uv": [3.01867, 15.712, 4.57333, 15.95556], "texture": "#1"},
				"up": {"uv": [3.01867, 15.712, 4.57333, 15.95556], "texture": "#1"},
				"down": {"uv": [3.01867, 15.712, 4.57333, 15.95556], "texture": "#1"}
			}
		},
		{
			"name": "hexadecagon",
			"from": [10.5, 9.85524, 15.975],
			"to": [11.5, 9.94476, 16.425],
			"rotation": {"angle": -22.5, "axis": "x", "origin": [11, 9.9, 16.2]},
			"faces": {
				"north": {"uv": [3.01867, 15.712, 4.57333, 15.95556], "texture": "#1"},
				"east": {"uv": [3.01867, 15.712, 4.57333, 15.95556], "texture": "#1"},
				"south": {"uv": [3.01867, 15.712, 4.57333, 15.95556], "texture": "#1"},
				"west": {"uv": [3.01867, 15.712, 4.57333, 15.95556], "texture": "#1"},
				"up": {"uv": [3.01867, 15.712, 4.57333, 15.95556], "texture": "#1"},
				"down": {"uv": [3.01867, 15.712, 4.57333, 15.95556], "texture": "#1"}
			}
		},
		{
			"name": "hexadecagon",
			"from": [10.5, 9.85524, 15.975],
			"to": [11.5, 9.94476, 16.425],
			"rotation": {"angle": 0, "axis": "x", "origin": [11, 9.9, 16.2]},
			"faces": {
				"north": {"uv": [3.01867, 15.712, 4.57333, 15.95556], "texture": "#1"},
				"east": {"uv": [3.01867, 15.712, 4.57333, 15.95556], "texture": "#1"},
				"south": {"uv": [3.01867, 15.712, 4.57333, 15.95556], "texture": "#1"},
				"west": {"uv": [3.01867, 15.712, 4.57333, 15.95556], "texture": "#1"},
				"up": {"uv": [3.01867, 15.712, 4.57333, 15.95556], "texture": "#1"},
				"down": {"uv": [3.01867, 15.712, 4.57333, 15.95556], "texture": "#1"}
			}
		},
		{
			"name": "hexadecagon",
			"from": [10.5, 9.85524, 15.975],
			"to": [11.5, 9.94476, 16.425],
			"rotation": {"angle": 22.5, "axis": "x", "origin": [11, 9.9, 16.2]},
			"faces": {
				"north": {"uv": [3.01867, 15.712, 4.57333, 15.95556], "texture": "#1"},
				"east": {"uv": [3.01867, 15.712, 4.57333, 15.95556], "texture": "#1"},
				"south": {"uv": [3.01867, 15.712, 4.57333, 15.95556], "texture": "#1"},
				"west": {"uv": [3.01867, 15.712, 4.57333, 15.95556], "texture": "#1"},
				"up": {"uv": [3.01867, 15.712, 4.57333, 15.95556], "texture": "#1"},
				"down": {"uv": [3.01867, 15.712, 4.57333, 15.95556], "texture": "#1"}
			}
		},
		{
			"name": "hexadecagon",
			"from": [10.5, 9.85524, 15.975],
			"to": [11.5, 9.94476, 16.425],
			"rotation": {"angle": 45, "axis": "x", "origin": [11, 9.9, 16.2]},
			"faces": {
				"north": {"uv": [3.01867, 15.712, 4.57333, 15.95556], "texture": "#1"},
				"east": {"uv": [3.01867, 15.712, 4.57333, 15.95556], "texture": "#1"},
				"south": {"uv": [3.01867, 15.712, 4.57333, 15.95556], "texture": "#1"},
				"west": {"uv": [3.01867, 15.712, 4.57333, 15.95556], "texture": "#1"},
				"up": {"uv": [3.01867, 15.712, 4.57333, 15.95556], "texture": "#1"},
				"down": {"uv": [3.01867, 15.712, 4.57333, 15.95556], "texture": "#1"}
			}
		},
		{
			"name": "hexadecagon",
			"from": [10.5, 9.675, 16.15524],
			"to": [11.5, 10.125, 16.24476],
			"rotation": {"angle": -22.5, "axis": "x", "origin": [11, 9.9, 16.2]},
			"faces": {
				"north": {"uv": [3.01867, 15.712, 4.57333, 15.95556], "texture": "#1"},
				"east": {"uv": [3.01867, 15.712, 4.57333, 15.95556], "texture": "#1"},
				"south": {"uv": [3.01867, 15.712, 4.57333, 15.95556], "texture": "#1"},
				"west": {"uv": [3.01867, 15.712, 4.57333, 15.95556], "texture": "#1"},
				"up": {"uv": [3.01867, 15.712, 4.57333, 15.95556], "texture": "#1"},
				"down": {"uv": [3.01867, 15.712, 4.57333, 15.95556], "texture": "#1"}
			}
		},
		{
			"name": "hexadecagon",
			"from": [10.5, 9.675, 16.15524],
			"to": [11.5, 10.125, 16.24476],
			"rotation": {"angle": 0, "axis": "x", "origin": [11, 9.9, 16.2]},
			"faces": {
				"north": {"uv": [3.01867, 15.712, 4.57333, 15.95556], "texture": "#1"},
				"east": {"uv": [3.01867, 15.712, 4.57333, 15.95556], "texture": "#1"},
				"south": {"uv": [3.01867, 15.712, 4.57333, 15.95556], "texture": "#1"},
				"west": {"uv": [3.01867, 15.712, 4.57333, 15.95556], "texture": "#1"},
				"up": {"uv": [3.01867, 15.712, 4.57333, 15.95556], "texture": "#1"},
				"down": {"uv": [3.01867, 15.712, 4.57333, 15.95556], "texture": "#1"}
			}
		},
		{
			"name": "hexadecagon",
			"from": [10.5, 9.675, 16.15524],
			"to": [11.5, 10.125, 16.24476],
			"rotation": {"angle": 22.5, "axis": "x", "origin": [11, 9.9, 16.2]},
			"faces": {
				"north": {"uv": [3.01867, 15.712, 4.57333, 15.95556], "texture": "#1"},
				"east": {"uv": [3.01867, 15.712, 4.57333, 15.95556], "texture": "#1"},
				"south": {"uv": [3.01867, 15.712, 4.57333, 15.95556], "texture": "#1"},
				"west": {"uv": [3.01867, 15.712, 4.57333, 15.95556], "texture": "#1"},
				"up": {"uv": [3.01867, 15.712, 4.57333, 15.95556], "texture": "#1"},
				"down": {"uv": [3.01867, 15.712, 4.57333, 15.95556], "texture": "#1"}
			}
		},
		{
			"name": "hexadecagon",
			"from": [11.45, 9.84033, 15.9],
			"to": [11.55, 9.95967, 16.5],
			"rotation": {"angle": -45, "axis": "x", "origin": [11.5, 9.9, 16.2]},
			"faces": {
				"north": {"uv": [0, 7.68, 0.57333, 7.99111], "texture": "#1"},
				"east": {"uv": [0, 7.68, 0.57333, 7.99111], "texture": "#1"},
				"south": {"uv": [0, 7.68, 0.57333, 7.99111], "texture": "#1"},
				"west": {"uv": [0, 7.68, 0.57333, 7.99111], "texture": "#1"},
				"up": {"uv": [0, 7.68, 0.57333, 7.99111], "texture": "#1"},
				"down": {"uv": [0, 7.68, 0.57333, 7.99111], "texture": "#1"}
			}
		},
		{
			"name": "hexadecagon",
			"from": [11.45, 9.84033, 15.9],
			"to": [11.55, 9.95967, 16.5],
			"rotation": {"angle": -22.5, "axis": "x", "origin": [11.5, 9.9, 16.2]},
			"faces": {
				"north": {"uv": [0, 7.68, 0.57333, 7.99111], "texture": "#1"},
				"east": {"uv": [0, 7.68, 0.57333, 7.99111], "texture": "#1"},
				"south": {"uv": [0, 7.68, 0.57333, 7.99111], "texture": "#1"},
				"west": {"uv": [0, 7.68, 0.57333, 7.99111], "texture": "#1"},
				"up": {"uv": [0, 7.68, 0.57333, 7.99111], "texture": "#1"},
				"down": {"uv": [0, 7.68, 0.57333, 7.99111], "texture": "#1"}
			}
		},
		{
			"name": "hexadecagon",
			"from": [11.45, 9.84033, 15.9],
			"to": [11.55, 9.95967, 16.5],
			"rotation": {"angle": 0, "axis": "x", "origin": [11.5, 9.9, 16.2]},
			"faces": {
				"north": {"uv": [0, 7.68, 0.57333, 7.99111], "texture": "#1"},
				"east": {"uv": [0, 7.68, 0.57333, 7.99111], "texture": "#1"},
				"south": {"uv": [0, 7.68, 0.57333, 7.99111], "texture": "#1"},
				"west": {"uv": [0, 7.68, 0.57333, 7.99111], "texture": "#1"},
				"up": {"uv": [0, 7.68, 0.57333, 7.99111], "texture": "#1"},
				"down": {"uv": [0, 7.68, 0.57333, 7.99111], "texture": "#1"}
			}
		},
		{
			"name": "hexadecagon",
			"from": [11.45, 9.84033, 15.9],
			"to": [11.55, 9.95967, 16.5],
			"rotation": {"angle": 22.5, "axis": "x", "origin": [11.5, 9.9, 16.2]},
			"faces": {
				"north": {"uv": [0, 7.68, 0.57333, 7.99111], "texture": "#1"},
				"east": {"uv": [0, 7.68, 0.57333, 7.99111], "texture": "#1"},
				"south": {"uv": [0, 7.68, 0.57333, 7.99111], "texture": "#1"},
				"west": {"uv": [0, 7.68, 0.57333, 7.99111], "texture": "#1"},
				"up": {"uv": [0, 7.68, 0.57333, 7.99111], "texture": "#1"},
				"down": {"uv": [0, 7.68, 0.57333, 7.99111], "texture": "#1"}
			}
		},
		{
			"name": "hexadecagon",
			"from": [11.45, 9.84033, 15.9],
			"to": [11.55, 9.95967, 16.5],
			"rotation": {"angle": 45, "axis": "x", "origin": [11.5, 9.9, 16.2]},
			"faces": {
				"north": {"uv": [0, 7.68, 0.57333, 7.99111], "texture": "#1"},
				"east": {"uv": [0, 7.68, 0.57333, 7.99111], "texture": "#1"},
				"south": {"uv": [0, 7.68, 0.57333, 7.99111], "texture": "#1"},
				"west": {"uv": [0, 7.68, 0.57333, 7.99111], "texture": "#1"},
				"up": {"uv": [0, 7.68, 0.57333, 7.99111], "texture": "#1"},
				"down": {"uv": [0, 7.68, 0.57333, 7.99111], "texture": "#1"}
			}
		},
		{
			"name": "hexadecagon",
			"from": [11.45, 9.6, 16.14033],
			"to": [11.55, 10.2, 16.25967],
			"rotation": {"angle": -22.5, "axis": "x", "origin": [11.5, 9.9, 16.2]},
			"faces": {
				"north": {"uv": [0, 7.68, 0.57333, 7.99111], "texture": "#1"},
				"east": {"uv": [0, 7.68, 0.57333, 7.99111], "texture": "#1"},
				"south": {"uv": [0, 7.68, 0.57333, 7.99111], "texture": "#1"},
				"west": {"uv": [0, 7.68, 0.57333, 7.99111], "texture": "#1"},
				"up": {"uv": [0, 7.68, 0.57333, 7.99111], "texture": "#1"},
				"down": {"uv": [0, 7.68, 0.57333, 7.99111], "texture": "#1"}
			}
		},
		{
			"name": "hexadecagon",
			"from": [11.45, 9.6, 16.14033],
			"to": [11.55, 10.2, 16.25967],
			"rotation": {"angle": 0, "axis": "x", "origin": [11.5, 9.9, 16.2]},
			"faces": {
				"north": {"uv": [0, 7.68, 0.57333, 7.99111], "texture": "#1"},
				"east": {"uv": [0, 7.68, 0.57333, 7.99111], "texture": "#1"},
				"south": {"uv": [0, 7.68, 0.57333, 7.99111], "texture": "#1"},
				"west": {"uv": [0, 7.68, 0.57333, 7.99111], "texture": "#1"},
				"up": {"uv": [0, 7.68, 0.57333, 7.99111], "texture": "#1"},
				"down": {"uv": [0, 7.68, 0.57333, 7.99111], "texture": "#1"}
			}
		},
		{
			"name": "hexadecagon",
			"from": [11.45, 9.6, 16.14033],
			"to": [11.55, 10.2, 16.25967],
			"rotation": {"angle": 22.5, "axis": "x", "origin": [11.5, 9.9, 16.2]},
			"faces": {
				"north": {"uv": [0, 7.68, 0.57333, 7.99111], "texture": "#1"},
				"east": {"uv": [0, 7.68, 0.57333, 7.99111], "texture": "#1"},
				"south": {"uv": [0, 7.68, 0.57333, 7.99111], "texture": "#1"},
				"west": {"uv": [0, 7.68, 0.57333, 7.99111], "texture": "#1"},
				"up": {"uv": [0, 7.68, 0.57333, 7.99111], "texture": "#1"},
				"down": {"uv": [0, 7.68, 0.57333, 7.99111], "texture": "#1"}
			}
		}
	],
	"display": {
		"thirdperson_righthand": {
			"rotation": [75, 45, 0],
			"translation": [0, 2.5, 0],
			"scale": [0.375, 0.375, 0.375]
		},
		"thirdperson_lefthand": {
			"rotation": [75, 45, 0],
			"translation": [0, 2.5, 0],
			"scale": [0.375, 0.375, 0.375]
		},
		"firstperson_righthand": {
			"rotation": [0, 45, 0],
			"scale": [0.4, 0.4, 0.4]
		},
		"firstperson_lefthand": {
			"rotation": [0, 225, 0],
			"scale": [0.4, 0.4, 0.4]
		},
		"head": {
			"rotation": [0, 180, 0],
			"translation": [0, 13, 7]
		},
		"fixed": {
			"rotation": [0, 90, 0],
			"translation": [0, 0, -10.5],
			"scale": [1.3, 1.3, 1.3]
		}
	},
	"groups": [
		0,
		1,
		2,
		3,
		4,
		{
			"name": "hexadecagon",
			"origin": [8, 8, 8],
			"color": 0,
			"children": [5, 6, 7, 8, 9, 10, 11, 12]
		},
		{
			"name": "hexadecagon",
			"origin": [8, 8, 8],
			"color": 0,
			"children": [13, 14, 15, 16, 17, 18, 19, 20]
		}
	]
}