{
	"credit": "Made with Blockbench",
	"ambientocclusion": false,
	"texture_size": [64, 64],
	"textures": {
		"1": "item/decore/furniture/vase",
		"particle": "item/decore/furniture/vase"
	},
	"elements": [
		{
			"from": [11, 10, 4.5],
			"to": [12, 12, 11.5],
			"rotation": {"angle": 0, "axis": "y", "origin": [12, 10, 4]},
			"faces": {
				"north": {"uv": [4, 6.75, 4.25, 7.25], "texture": "#1"},
				"east": {"uv": [6, 4, 7.75, 4.5], "texture": "#1"},
				"south": {"uv": [7, 3, 7.25, 3.5], "texture": "#1"},
				"west": {"uv": [6, 4.5, 7.75, 5], "texture": "#1"},
				"up": {"uv": [1, 7.75, 0.75, 6], "texture": "#1"},
				"down": {"uv": [4.5, 6, 4.25, 7.75], "texture": "#1"}
			}
		},
		{
			"from": [3, 14, 3],
			"to": [13, 16, 13],
			"faces": {
				"north": {"uv": [3.75, 1.5, 6.25, 2], "texture": "#1"},
				"east": {"uv": [3.75, 2, 6.25, 2.5], "texture": "#1"},
				"south": {"uv": [3.75, 2.5, 6.25, 3], "texture": "#1"},
				"west": {"uv": [3.75, 3, 6.25, 3.5], "texture": "#1"},
				"up": {"uv": [2.5, 2.5, 0, 0], "texture": "#1"},
				"down": {"uv": [2.5, 2.5, 0, 5], "texture": "#1"}
			}
		},
		{
			"from": [4, 0, 4],
			"to": [5, 14, 5],
			"rotation": {"angle": 45, "axis": "y", "origin": [4.5, 7, 4.5]},
			"faces": {
				"north": {"uv": [1, 5, 1.25, 8.5], "texture": "#1"},
				"east": {"uv": [1.25, 5, 1.5, 8.5], "texture": "#1"},
				"south": {"uv": [1.5, 5, 1.75, 8.5], "texture": "#1"},
				"west": {"uv": [1.75, 5, 2, 8.5], "texture": "#1"},
				"up": {"uv": [3.75, 4.75, 3.5, 4.5], "texture": "#1"},
				"down": {"uv": [6.75, 7, 6.5, 7.25], "texture": "#1"}
			}
		},
		{
			"from": [4, 0, 11],
			"to": [5, 14, 12],
			"rotation": {"angle": 45, "axis": "y", "origin": [4.5, 7, 11.5]},
			"faces": {
				"north": {"uv": [2, 5, 2.25, 8.5], "texture": "#1"},
				"east": {"uv": [2.25, 5, 2.5, 8.5], "texture": "#1"},
				"south": {"uv": [5.5, 4.75, 5.75, 8.25], "texture": "#1"},
				"west": {"uv": [2.5, 5.75, 2.75, 9.25], "texture": "#1"},
				"up": {"uv": [7, 7.25, 6.75, 7], "texture": "#1"},
				"down": {"uv": [7.25, 6.75, 7, 7], "texture": "#1"}
			}
		},
		{
			"from": [11, 0, 11],
			"to": [12, 14, 12],
			"rotation": {"angle": 45, "axis": "y", "origin": [11.5, 7, 11.5]},
			"faces": {
				"north": {"uv": [4.5, 5.75, 4.75, 9.25], "texture": "#1"},
				"east": {"uv": [4.75, 5.75, 5, 9.25], "texture": "#1"},
				"south": {"uv": [5, 5.75, 5.25, 9.25], "texture": "#1"},
				"west": {"uv": [5.25, 5.75, 5.5, 9.25], "texture": "#1"},
				"up": {"uv": [7.5, 0.5, 7.25, 0.25], "texture": "#1"},
				"down": {"uv": [0.75, 7.25, 0.5, 7.5], "texture": "#1"}
			}
		},
		{
			"from": [11, 0, 4],
			"to": [12, 14, 5],
			"rotation": {"angle": 45, "axis": "y", "origin": [11.5, 7, 4.5]},
			"faces": {
				"north": {"uv": [2.75, 5.75, 3, 9.25], "texture": "#1"},
				"east": {"uv": [3, 5.75, 3.25, 9.25], "texture": "#1"},
				"south": {"uv": [3.25, 5.75, 3.5, 9.25], "texture": "#1"},
				"west": {"uv": [5.75, 3.5, 6, 7], "texture": "#1"},
				"up": {"uv": [7.25, 7.25, 7, 7], "texture": "#1"},
				"down": {"uv": [7.5, 0, 7.25, 0.25], "texture": "#1"}
			}
		},
		{
			"from": [4.5, 10, 4],
			"to": [11.5, 12, 5],
			"rotation": {"angle": 0, "axis": "y", "origin": [4, 10, 4]},
			"faces": {
				"north": {"uv": [5, 0, 6.75, 0.5], "texture": "#1"},
				"east": {"uv": [0.5, 6.75, 0.75, 7.25], "texture": "#1"},
				"south": {"uv": [5, 0.5, 6.75, 1], "texture": "#1"},
				"west": {"uv": [6.75, 3, 7, 3.5], "texture": "#1"},
				"up": {"uv": [7.75, 6.25, 6, 6], "texture": "#1"},
				"down": {"uv": [8, 1.5, 6.25, 1.75], "texture": "#1"}
			}
		},
		{
			"from": [4.5, 10, 11],
			"to": [11.5, 12, 12],
			"rotation": {"angle": 0, "axis": "y", "origin": [4, 10, 11]},
			"faces": {
				"north": {"uv": [5, 1, 6.75, 1.5], "texture": "#1"},
				"east": {"uv": [3.5, 6.75, 3.75, 7.25], "texture": "#1"},
				"south": {"uv": [6, 3.5, 7.75, 4], "texture": "#1"},
				"west": {"uv": [3.75, 6.75, 4, 7.25], "texture": "#1"},
				"up": {"uv": [8, 2, 6.25, 1.75], "texture": "#1"},
				"down": {"uv": [8, 2, 6.25, 2.25], "texture": "#1"}
			}
		},
		{
			"from": [4, 10, 4.5],
			"to": [5, 12, 11.5],
			"rotation": {"angle": 0, "axis": "y", "origin": [5, 10, 4]},
			"faces": {
				"north": {"uv": [5.75, 7, 6, 7.5], "texture": "#1"},
				"east": {"uv": [6, 5, 7.75, 5.5], "texture": "#1"},
				"south": {"uv": [7, 6.25, 7.25, 6.75], "texture": "#1"},
				"west": {"uv": [6, 5.5, 7.75, 6], "texture": "#1"},
				"up": {"uv": [6.25, 8, 6, 6.25], "texture": "#1"},
				"down": {"uv": [6.5, 6.25, 6.25, 8], "texture": "#1"}
			}
		},
		{
			"from": [6, 16, 6],
			"to": [10, 21, 10],
			"rotation": {"angle": -22.5, "axis": "y", "origin": [8, 18.5, 8]},
			"faces": {
				"north": {"uv": [3.75, 3.5, 4.75, 4.75], "texture": "#1"},
				"east": {"uv": [2.5, 4.5, 3.5, 5.75], "texture": "#1"},
				"south": {"uv": [3.5, 4.75, 4.5, 6], "texture": "#1"},
				"west": {"uv": [4.75, 3.5, 5.75, 4.75], "texture": "#1"},
				"up": {"uv": [5.5, 5.75, 4.5, 4.75], "texture": "#1"},
				"down": {"uv": [1, 5, 0, 6], "texture": "#1"}
			}
		},
		{
			"from": [7, 21, 7],
			"to": [9, 24, 9],
			"rotation": {"angle": 22.5, "axis": "y", "origin": [8, 22.5, 8]},
			"faces": {
				"north": {"uv": [6.25, 2.25, 6.75, 3], "texture": "#1"},
				"east": {"uv": [6.5, 6.25, 7, 7], "texture": "#1"},
				"south": {"uv": [0, 6.75, 0.5, 7.5], "texture": "#1"},
				"west": {"uv": [6.75, 0, 7.25, 0.75], "texture": "#1"},
				"up": {"uv": [6.75, 3.5, 6.25, 3], "texture": "#1"},
				"down": {"uv": [7.25, 0.75, 6.75, 1.25], "texture": "#1"}
			}
		},
		{
			"from": [6.5, 24, 6.5],
			"to": [9.5, 25, 9.5],
			"rotation": {"angle": -22.5, "axis": "y", "origin": [8, 24.5, 8]},
			"faces": {
				"north": {"uv": [6.75, 1.25, 7.5, 1.5], "texture": "#1"},
				"east": {"uv": [6.75, 2.25, 7.5, 2.5], "texture": "#1"},
				"south": {"uv": [6.75, 2.5, 7.5, 2.75], "texture": "#1"},
				"west": {"uv": [6.75, 2.75, 7.5, 3], "texture": "#1"},
				"up": {"uv": [0.75, 6.75, 0, 6], "texture": "#1"},
				"down": {"uv": [4.25, 6, 3.5, 6.75], "texture": "#1"}
			}
		},
		{
			"from": [5.5, 25, 8],
			"to": [10.5, 31, 8],
			"shade": false,
			"rotation": {"angle": 0, "axis": "y", "origin": [8, 28, 8]},
			"faces": {
				"north": {"uv": [2.5, 3, 3.75, 4.5], "texture": "#1"},
				"east": {"uv": [0, 0, 0, 1.5], "texture": "#1"},
				"south": {"uv": [3.75, 0, 5, 1.5], "texture": "#1"},
				"west": {"uv": [0, 0, 0, 1.5], "texture": "#1"},
				"up": {"uv": [1.25, 0, 0, 0], "texture": "#1"},
				"down": {"uv": [1.25, 0, 0, 0], "texture": "#1"}
			}
		},
		{
			"from": [8, 25, 5.5],
			"to": [8, 31, 10.5],
			"shade": false,
			"rotation": {"angle": 0, "axis": "y", "origin": [8, 28, 8]},
			"faces": {
				"north": {"uv": [0, 0, 0, 1.5], "texture": "#1"},
				"east": {"uv": [2.5, 0, 3.75, 1.5], "texture": "#1"},
				"south": {"uv": [0, 0, 0, 1.5], "texture": "#1"},
				"west": {"uv": [2.5, 1.5, 3.75, 3], "texture": "#1"},
				"up": {"uv": [0, 1.25, 0, 0], "texture": "#1"},
				"down": {"uv": [0, 0, 0, 1.25], "texture": "#1"}
			}
		}
	],
	"display": {
		"fixed": {
			"rotation": [-90, 19.25, 0],
			"translation": [0, 0, -16],
			"scale": [2, 2, 2]
		}
	},
	"groups": [
		{
			"name": "group",
			"origin": [5, 10, 4],
			"color": 0,
			"children": [0, 1, 2, 3, 4, 5, 6, 7, 8]
		},
		{
			"name": "group",
			"origin": [8, 8, 8],
			"color": 0,
			"children": [
				9,
				10,
				11,
				{
					"name": "group",
					"origin": [8, 8, 8],
					"color": 0,
					"children": [12, 13]
				}
			]
		}
	]
}