{
	"credit": "Made with Blockbench",
	"texture_size": [128, 128],
	"textures": {
		"1": "item/decore/furniture/machine/chip_0",
		"7": "item/decore/furniture/machine/chip_1",
		"8": "item/decore/furniture/machine/texture2"
	},
	"elements": [
		{
			"from": [-8, -16, 0],
			"to": [24, 32, 16],
			"rotation": {"angle": 0, "axis": "y", "origin": [8, 8, 8]},
			"faces": {
				"north": {"uv": [0, 0, 4, 6], "texture": "#8"},
				"east": {"uv": [0, 6, 2, 12], "texture": "#8"},
				"south": {"uv": [4, 0, 8, 6], "texture": "#8"},
				"west": {"uv": [2, 6, 4, 12], "texture": "#8"},
				"up": {"uv": [13, 10, 9, 8], "texture": "#8"},
				"down": {"uv": [8, 10, 4, 12], "texture": "#8"}
			}
		},
		{
			"from": [22, 30, 12],
			"to": [2, -2, 0],
			"rotation": {"angle": 0, "axis": "y", "origin": [12, 14, 6]},
			"faces": {
				"north": {"uv": [4, 6, 6.5, 10], "texture": "#8"},
				"east": {"uv": [8, 10, 9.5, 14], "texture": "#8"},
				"south": {"uv": [6.5, 6, 9, 10], "texture": "#8"},
				"west": {"uv": [9.5, 10, 11, 14], "texture": "#8"},
				"up": {"uv": [13, 1.5, 10.5, 0], "texture": "#8"},
				"down": {"uv": [13, 1.5, 10.5, 3], "texture": "#8"}
			}
		},
		{
			"from": [5, -13, 0],
			"to": [19, -8, 0],
			"rotation": {"angle": 0, "axis": "y", "origin": [12, -8, 0]},
			"faces": {
				"north": {"uv": [6, 12, 7.75, 12.625], "texture": "#8"},
				"east": {"uv": [0, 0, 0, 0.625], "texture": "#8"},
				"south": {"uv": [11, 12, 12.75, 12.625], "texture": "#8"},
				"west": {"uv": [0, 0, 0, 0.625], "texture": "#8"},
				"up": {"uv": [1.75, 0, 0, 0], "texture": "#8"},
				"down": {"uv": [1.75, 0, 0, 0], "texture": "#8"}
			}
		},
		{
			"from": [2, -2, 0],
			"to": [22, 30, 0],
			"rotation": {"angle": 0, "axis": "y", "origin": [12, 14, 0]},
			"faces": {
				"north": {"uv": [8, 0, 10.5, 4], "texture": "#8"},
				"east": {"uv": [0, 0, 0, 4], "texture": "#8"},
				"south": {"uv": [9, 4, 11.5, 8], "texture": "#8"},
				"west": {"uv": [0, 0, 0, 4], "texture": "#8"},
				"up": {"uv": [2.5, 0, 0, 0], "texture": "#8"},
				"down": {"uv": [2.5, 0, 0, 0], "texture": "#8"}
			}
		},
		{
			"from": [-3, -3, 3],
			"to": [-6, -6, 0],
			"rotation": {"angle": 0, "axis": "y", "origin": [-3, -3, 3]},
			"faces": {
				"north": {"uv": [8, 5.375, 8.375, 5.75], "texture": "#8"},
				"east": {"uv": [8.375, 5.375, 8.75, 5.75], "texture": "#8"},
				"south": {"uv": [8.625, 4, 9, 4.375], "texture": "#8"},
				"west": {"uv": [8.625, 4.375, 9, 4.75], "texture": "#8"},
				"up": {"uv": [9, 5.125, 8.625, 4.75], "texture": "#8"},
				"down": {"uv": [13.375, 2.375, 13, 2.75], "texture": "#8"}
			}
		},
		{
			"from": [19, -2, 5],
			"to": [5, -13, 0],
			"rotation": {"angle": 0, "axis": "y", "origin": [22, 7.5, 8]},
			"faces": {
				"north": {"uv": [2.5, 12, 4.25, 13.375], "texture": "#8"},
				"east": {"uv": [8, 4, 8.625, 5.375], "texture": "#8"},
				"south": {"uv": [4.25, 12, 6, 13.375], "texture": "#8"},
				"west": {"uv": [12.75, 12, 13.375, 13.375], "texture": "#8"},
				"up": {"uv": [7.75, 13.25, 6, 12.625], "texture": "#8"},
				"down": {"uv": [12.75, 12.625, 11, 13.25], "texture": "#8"}
			}
		},
		{
			"from": [2.5, 24.56879, 8.13686],
			"to": [21.5, 25.56879, 8.13686],
			"rotation": {"angle": -22.5, "axis": "x", "origin": [12, 24.06879, 8.88686]},
			"faces": {
				"north": {"uv": [13, 1.125, 15.375, 1.25], "texture": "#8"},
				"east": {"uv": [0, 0, 0, 0.125], "texture": "#8"},
				"south": {"uv": [13, 1.25, 15.375, 1.375], "texture": "#8"},
				"west": {"uv": [0, 0, 0, 0.125], "texture": "#8"},
				"up": {"uv": [2.375, 0, 0, 0], "texture": "#8"},
				"down": {"uv": [2.375, 0, 0, 0], "texture": "#8"}
			}
		},
		{
			"from": [2.5, 24.56879, 5.63686],
			"to": [21.5, 25.56879, 5.63686],
			"rotation": {"angle": -22.5, "axis": "x", "origin": [12, 24.06879, 8.88686]},
			"faces": {
				"north": {"uv": [13, 0.875, 15.375, 1], "texture": "#8"},
				"east": {"uv": [0, 0, 0, 0.125], "texture": "#8"},
				"south": {"uv": [13, 1, 15.375, 1.125], "texture": "#8"},
				"west": {"uv": [0, 0, 0, 0.125], "texture": "#8"},
				"up": {"uv": [2.375, 0, 0, 0], "texture": "#8"},
				"down": {"uv": [2.375, 0, 0, 0], "texture": "#8"}
			}
		},
		{
			"from": [2.5, 17.56879, 8.13686],
			"to": [21.5, 18.56879, 8.13686],
			"rotation": {"angle": -22.5, "axis": "x", "origin": [12, 17.06879, 8.88686]},
			"faces": {
				"north": {"uv": [13, 1.375, 15.375, 1.5], "texture": "#8"},
				"east": {"uv": [0, 0, 0, 0.125], "texture": "#8"},
				"south": {"uv": [13, 1.5, 15.375, 1.625], "texture": "#8"},
				"west": {"uv": [0, 0, 0, 0.125], "texture": "#8"},
				"up": {"uv": [2.375, 0, 0, 0], "texture": "#8"},
				"down": {"uv": [2.375, 0, 0, 0], "texture": "#8"}
			}
		},
		{
			"from": [2.5, 17.56879, 5.63686],
			"to": [21.5, 18.56879, 5.63686],
			"rotation": {"angle": -22.5, "axis": "x", "origin": [12, 17.06879, 8.88686]},
			"faces": {
				"north": {"uv": [13, 1.625, 15.375, 1.75], "texture": "#8"},
				"east": {"uv": [0, 0, 0, 0.125], "texture": "#8"},
				"south": {"uv": [13, 1.75, 15.375, 1.875], "texture": "#8"},
				"west": {"uv": [0, 0, 0, 0.125], "texture": "#8"},
				"up": {"uv": [2.375, 0, 0, 0], "texture": "#8"},
				"down": {"uv": [2.375, 0, 0, 0], "texture": "#8"}
			}
		},
		{
			"from": [2.5, 10.56879, 8.13686],
			"to": [21.5, 11.56879, 8.13686],
			"rotation": {"angle": -22.5, "axis": "x", "origin": [12, 10.06879, 8.88686]},
			"faces": {
				"north": {"uv": [13, 1.875, 15.375, 2], "texture": "#8"},
				"east": {"uv": [0, 0, 0, 0.125], "texture": "#8"},
				"south": {"uv": [13, 2, 15.375, 2.125], "texture": "#8"},
				"west": {"uv": [0, 0, 0, 0.125], "texture": "#8"},
				"up": {"uv": [2.375, 0, 0, 0], "texture": "#8"},
				"down": {"uv": [2.375, 0, 0, 0], "texture": "#8"}
			}
		},
		{
			"from": [2.5, 10.56879, 5.63686],
			"to": [21.5, 11.56879, 5.63686],
			"rotation": {"angle": -22.5, "axis": "x", "origin": [12, 10.06879, 8.88686]},
			"faces": {
				"north": {"uv": [13, 2.125, 15.375, 2.25], "texture": "#8"},
				"east": {"uv": [0, 0, 0, 0.125], "texture": "#8"},
				"south": {"uv": [13, 2.25, 15.375, 2.375], "texture": "#8"},
				"west": {"uv": [0, 0, 0, 0.125], "texture": "#8"},
				"up": {"uv": [2.375, 0, 0, 0], "texture": "#8"},
				"down": {"uv": [2.375, 0, 0, 0], "texture": "#8"}
			}
		},
		{
			"from": [2.5, 3.56879, 8.13686],
			"to": [21.5, 4.56879, 8.13686],
			"rotation": {"angle": -22.5, "axis": "x", "origin": [12, 3.06879, 8.88686]},
			"faces": {
				"north": {"uv": [13, 1.875, 15.375, 2], "texture": "#8"},
				"east": {"uv": [0, 0, 0, 0.125], "texture": "#8"},
				"south": {"uv": [13, 2, 15.375, 2.125], "texture": "#8"},
				"west": {"uv": [0, 0, 0, 0.125], "texture": "#8"},
				"up": {"uv": [2.375, 0, 0, 0], "texture": "#8"},
				"down": {"uv": [2.375, 0, 0, 0], "texture": "#8"}
			}
		},
		{
			"from": [2.5, 3.56879, 5.63686],
			"to": [21.5, 4.56879, 5.63686],
			"rotation": {"angle": -22.5, "axis": "x", "origin": [12, 3.06879, 8.88686]},
			"faces": {
				"north": {"uv": [13, 2.125, 15.375, 2.25], "texture": "#8"},
				"east": {"uv": [0, 0, 0, 0.125], "texture": "#8"},
				"south": {"uv": [13, 2.25, 15.375, 2.375], "texture": "#8"},
				"west": {"uv": [0, 0, 0, 0.125], "texture": "#8"},
				"up": {"uv": [2.375, 0, 0, 0], "texture": "#8"},
				"down": {"uv": [2.375, 0, 0, 0], "texture": "#8"}
			}
		},
		{
			"from": [2, 9.56879, 4.88686],
			"to": [22, 10.56879, 12.88686],
			"rotation": {"angle": -22.5, "axis": "x", "origin": [12, 10.06879, 8.88686]},
			"faces": {
				"north": {"uv": [0, 13, 2.5, 13.125], "texture": "#8"},
				"east": {"uv": [8, 5.75, 9, 5.875], "texture": "#8"},
				"south": {"uv": [13, 0, 15.5, 0.125], "texture": "#8"},
				"west": {"uv": [8, 5.875, 9, 6], "texture": "#8"},
				"up": {"uv": [13, 4, 10.5, 3], "texture": "#8"},
				"down": {"uv": [13.5, 10, 11, 11], "texture": "#8"}
			}
		},
		{
			"from": [2, 2.56879, 4.88686],
			"to": [22, 3.56879, 12.88686],
			"rotation": {"angle": -22.5, "axis": "x", "origin": [12, 3.06879, 8.88686]},
			"faces": {
				"north": {"uv": [13, 0.625, 15.5, 0.75], "texture": "#8"},
				"east": {"uv": [13, 3.25, 14, 3.375], "texture": "#8"},
				"south": {"uv": [13, 0.75, 15.5, 0.875], "texture": "#8"},
				"west": {"uv": [13, 3.375, 14, 3.5], "texture": "#8"},
				"up": {"uv": [14, 8, 11.5, 7], "texture": "#8"},
				"down": {"uv": [2.5, 12, 0, 13], "texture": "#8"}
			}
		},
		{
			"from": [2, 23.56879, 4.88686],
			"to": [22, 24.56879, 12.88686],
			"rotation": {"angle": -22.5, "axis": "x", "origin": [12, 24.06879, 8.88686]},
			"faces": {
				"north": {"uv": [13, 0.125, 15.5, 0.25], "texture": "#8"},
				"east": {"uv": [13, 2.75, 14, 2.875], "texture": "#8"},
				"south": {"uv": [13, 0.25, 15.5, 0.375], "texture": "#8"},
				"west": {"uv": [13, 2.875, 14, 3], "texture": "#8"},
				"up": {"uv": [13.5, 12, 11, 11], "texture": "#8"},
				"down": {"uv": [14, 4, 11.5, 5], "texture": "#8"}
			}
		},
		{
			"from": [2, 16.56879, 4.88686],
			"to": [22, 17.56879, 12.88686],
			"rotation": {"angle": -22.5, "axis": "x", "origin": [12, 17.06879, 8.88686]},
			"faces": {
				"north": {"uv": [13, 0.375, 15.5, 0.5], "texture": "#8"},
				"east": {"uv": [13, 3, 14, 3.125], "texture": "#8"},
				"south": {"uv": [13, 0.5, 15.5, 0.625], "texture": "#8"},
				"west": {"uv": [13, 3.125, 14, 3.25], "texture": "#8"},
				"up": {"uv": [14, 6, 11.5, 5], "texture": "#8"},
				"down": {"uv": [14, 6, 11.5, 7], "texture": "#8"}
			}
		},
		{
			"from": [17, 23.09343, 4.46968],
			"to": [19, 28.09343, 6.46968],
			"rotation": {"angle": -22.5, "axis": "x", "origin": [17.625, 26.89343, 4.46968]},
			"faces": {
				"north": {"uv": [0, 0, 2, 5], "texture": "#1"},
				"east": {"uv": [2, 0, 4, 5], "texture": "#1"},
				"south": {"uv": [4, 0, 6, 5], "texture": "#1"},
				"west": {"uv": [0, 5, 2, 10], "texture": "#1"},
				"up": {"uv": [4, 7, 2, 5], "texture": "#1"},
				"down": {"uv": [6, 5, 4, 7], "texture": "#1"}
			}
		},
		{
			"from": [16.75, 28.19343, 4.96968],
			"to": [17.75, 28.19343, 5.96968],
			"rotation": {"angle": -22.5, "axis": "x", "origin": [17.625, 26.89343, 4.46968]},
			"faces": {
				"north": {"uv": [0, 0, 1, 0], "texture": "#1"},
				"east": {"uv": [0, 0, 1, 0], "texture": "#1"},
				"south": {"uv": [0, 0, 1, 0], "texture": "#1"},
				"west": {"uv": [0, 0, 1, 0], "texture": "#1"},
				"up": {"uv": [7, 1, 6, 0], "texture": "#1"},
				"down": {"uv": [7, 1, 6, 2], "texture": "#1"}
			}
		},
		{
			"from": [17, 23.09343, 6.96968],
			"to": [19, 28.09343, 8.96968],
			"rotation": {"angle": -22.5, "axis": "x", "origin": [17.625, 26.89343, 4.46968]},
			"faces": {
				"north": {"uv": [0, 0, 2, 5], "texture": "#1"},
				"east": {"uv": [2, 0, 4, 5], "texture": "#1"},
				"south": {"uv": [4, 0, 6, 5], "texture": "#1"},
				"west": {"uv": [0, 5, 2, 10], "texture": "#1"},
				"up": {"uv": [4, 7, 2, 5], "texture": "#1"},
				"down": {"uv": [6, 5, 4, 7], "texture": "#1"}
			}
		},
		{
			"from": [16.75, 28.19343, 7.46968],
			"to": [17.75, 28.19343, 8.46968],
			"rotation": {"angle": -22.5, "axis": "x", "origin": [17.625, 26.89343, 4.46968]},
			"faces": {
				"north": {"uv": [0, 0, 1, 0], "texture": "#1"},
				"east": {"uv": [0, 0, 1, 0], "texture": "#1"},
				"south": {"uv": [0, 0, 1, 0], "texture": "#1"},
				"west": {"uv": [0, 0, 1, 0], "texture": "#1"},
				"up": {"uv": [7, 1, 6, 0], "texture": "#1"},
				"down": {"uv": [7, 1, 6, 2], "texture": "#1"}
			}
		},
		{
			"from": [13, 23.09343, 4.46968],
			"to": [15, 28.09343, 6.46968],
			"rotation": {"angle": -22.5, "axis": "x", "origin": [17.625, 26.89343, 4.46968]},
			"faces": {
				"north": {"uv": [0, 0, 2, 5], "texture": "#1"},
				"east": {"uv": [2, 0, 4, 5], "texture": "#1"},
				"south": {"uv": [4, 0, 6, 5], "texture": "#1"},
				"west": {"uv": [0, 5, 2, 10], "texture": "#1"},
				"up": {"uv": [4, 7, 2, 5], "texture": "#1"},
				"down": {"uv": [6, 5, 4, 7], "texture": "#1"}
			}
		},
		{
			"from": [12.75, 28.19343, 4.96968],
			"to": [13.75, 28.19343, 5.96968],
			"rotation": {"angle": -22.5, "axis": "x", "origin": [17.625, 26.89343, 4.46968]},
			"faces": {
				"north": {"uv": [0, 0, 1, 0], "texture": "#1"},
				"east": {"uv": [0, 0, 1, 0], "texture": "#1"},
				"south": {"uv": [0, 0, 1, 0], "texture": "#1"},
				"west": {"uv": [0, 0, 1, 0], "texture": "#1"},
				"up": {"uv": [7, 1, 6, 0], "texture": "#1"},
				"down": {"uv": [7, 1, 6, 2], "texture": "#1"}
			}
		},
		{
			"from": [9, 23.09343, 4.46968],
			"to": [11, 28.09343, 6.46968],
			"rotation": {"angle": -22.5, "axis": "x", "origin": [17.625, 26.89343, 4.46968]},
			"faces": {
				"north": {"uv": [0, 0, 2, 5], "texture": "#1"},
				"east": {"uv": [2, 0, 4, 5], "texture": "#1"},
				"south": {"uv": [4, 0, 6, 5], "texture": "#1"},
				"west": {"uv": [0, 5, 2, 10], "texture": "#1"},
				"up": {"uv": [4, 7, 2, 5], "texture": "#1"},
				"down": {"uv": [6, 5, 4, 7], "texture": "#1"}
			}
		},
		{
			"from": [8.75, 28.19343, 4.96968],
			"to": [9.75, 28.19343, 5.96968],
			"rotation": {"angle": -22.5, "axis": "x", "origin": [17.625, 26.89343, 4.46968]},
			"faces": {
				"north": {"uv": [0, 0, 1, 0], "texture": "#1"},
				"east": {"uv": [0, 0, 1, 0], "texture": "#1"},
				"south": {"uv": [0, 0, 1, 0], "texture": "#1"},
				"west": {"uv": [0, 0, 1, 0], "texture": "#1"},
				"up": {"uv": [7, 1, 6, 0], "texture": "#1"},
				"down": {"uv": [7, 1, 6, 2], "texture": "#1"}
			}
		},
		{
			"from": [9, 23.09343, 6.96968],
			"to": [11, 28.09343, 8.96968],
			"rotation": {"angle": -22.5, "axis": "x", "origin": [17.625, 26.89343, 4.46968]},
			"faces": {
				"north": {"uv": [0, 0, 2, 5], "texture": "#1"},
				"east": {"uv": [2, 0, 4, 5], "texture": "#1"},
				"south": {"uv": [4, 0, 6, 5], "texture": "#1"},
				"west": {"uv": [0, 5, 2, 10], "texture": "#1"},
				"up": {"uv": [4, 7, 2, 5], "texture": "#1"},
				"down": {"uv": [6, 5, 4, 7], "texture": "#1"}
			}
		},
		{
			"from": [8.75, 28.19343, 7.46968],
			"to": [9.75, 28.19343, 8.46968],
			"rotation": {"angle": -22.5, "axis": "x", "origin": [17.625, 26.89343, 4.46968]},
			"faces": {
				"north": {"uv": [0, 0, 1, 0], "texture": "#1"},
				"east": {"uv": [0, 0, 1, 0], "texture": "#1"},
				"south": {"uv": [0, 0, 1, 0], "texture": "#1"},
				"west": {"uv": [0, 0, 1, 0], "texture": "#1"},
				"up": {"uv": [7, 1, 6, 0], "texture": "#1"},
				"down": {"uv": [7, 1, 6, 2], "texture": "#1"}
			}
		},
		{
			"from": [5, 23.09343, 4.46968],
			"to": [7, 28.09343, 6.46968],
			"rotation": {"angle": -22.5, "axis": "x", "origin": [17.625, 26.89343, 4.46968]},
			"faces": {
				"north": {"uv": [0, 0, 2, 5], "texture": "#1"},
				"east": {"uv": [2, 0, 4, 5], "texture": "#1"},
				"south": {"uv": [4, 0, 6, 5], "texture": "#1"},
				"west": {"uv": [0, 5, 2, 10], "texture": "#1"},
				"up": {"uv": [4, 7, 2, 5], "texture": "#1"},
				"down": {"uv": [6, 5, 4, 7], "texture": "#1"}
			}
		},
		{
			"from": [4.75, 28.19343, 4.96968],
			"to": [5.75, 28.19343, 5.96968],
			"rotation": {"angle": -22.5, "axis": "x", "origin": [17.625, 26.89343, 4.46968]},
			"faces": {
				"north": {"uv": [0, 0, 1, 0], "texture": "#1"},
				"east": {"uv": [0, 0, 1, 0], "texture": "#1"},
				"south": {"uv": [0, 0, 1, 0], "texture": "#1"},
				"west": {"uv": [0, 0, 1, 0], "texture": "#1"},
				"up": {"uv": [7, 1, 6, 0], "texture": "#1"},
				"down": {"uv": [7, 1, 6, 2], "texture": "#1"}
			}
		},
		{
			"from": [13, 16.09343, 4.46968],
			"to": [15, 21.09343, 6.46968],
			"rotation": {"angle": -22.5, "axis": "x", "origin": [17.625, 19.89343, 4.46968]},
			"faces": {
				"north": {"uv": [0, 0, 2, 5], "texture": "#1"},
				"east": {"uv": [2, 0, 4, 5], "texture": "#1"},
				"south": {"uv": [4, 0, 6, 5], "texture": "#1"},
				"west": {"uv": [0, 5, 2, 10], "texture": "#1"},
				"up": {"uv": [4, 7, 2, 5], "texture": "#1"},
				"down": {"uv": [6, 5, 4, 7], "texture": "#1"}
			}
		},
		{
			"from": [12.75, 21.19343, 4.96968],
			"to": [13.75, 21.19343, 5.96968],
			"rotation": {"angle": -22.5, "axis": "x", "origin": [17.625, 19.89343, 4.46968]},
			"faces": {
				"north": {"uv": [0, 0, 1, 0], "texture": "#1"},
				"east": {"uv": [0, 0, 1, 0], "texture": "#1"},
				"south": {"uv": [0, 0, 1, 0], "texture": "#1"},
				"west": {"uv": [0, 0, 1, 0], "texture": "#1"},
				"up": {"uv": [7, 1, 6, 0], "texture": "#1"},
				"down": {"uv": [7, 1, 6, 2], "texture": "#1"}
			}
		},
		{
			"from": [9, 16.09343, 4.46968],
			"to": [11, 21.09343, 6.46968],
			"rotation": {"angle": -22.5, "axis": "x", "origin": [17.625, 19.89343, 4.46968]},
			"faces": {
				"north": {"uv": [0, 0, 2, 5], "texture": "#1"},
				"east": {"uv": [2, 0, 4, 5], "texture": "#1"},
				"south": {"uv": [4, 0, 6, 5], "texture": "#1"},
				"west": {"uv": [0, 5, 2, 10], "texture": "#1"},
				"up": {"uv": [4, 7, 2, 5], "texture": "#1"},
				"down": {"uv": [6, 5, 4, 7], "texture": "#1"}
			}
		},
		{
			"from": [8.75, 21.19343, 4.96968],
			"to": [9.75, 21.19343, 5.96968],
			"rotation": {"angle": -22.5, "axis": "x", "origin": [17.625, 19.89343, 4.46968]},
			"faces": {
				"north": {"uv": [0, 0, 1, 0], "texture": "#1"},
				"east": {"uv": [0, 0, 1, 0], "texture": "#1"},
				"south": {"uv": [0, 0, 1, 0], "texture": "#1"},
				"west": {"uv": [0, 0, 1, 0], "texture": "#1"},
				"up": {"uv": [7, 1, 6, 0], "texture": "#1"},
				"down": {"uv": [7, 1, 6, 2], "texture": "#1"}
			}
		},
		{
			"from": [9, 16.09343, 6.96968],
			"to": [11, 21.09343, 8.96968],
			"rotation": {"angle": -22.5, "axis": "x", "origin": [17.625, 19.89343, 4.46968]},
			"faces": {
				"north": {"uv": [0, 0, 2, 5], "texture": "#1"},
				"east": {"uv": [2, 0, 4, 5], "texture": "#1"},
				"south": {"uv": [4, 0, 6, 5], "texture": "#1"},
				"west": {"uv": [0, 5, 2, 10], "texture": "#1"},
				"up": {"uv": [4, 7, 2, 5], "texture": "#1"},
				"down": {"uv": [6, 5, 4, 7], "texture": "#1"}
			}
		},
		{
			"from": [8.75, 21.19343, 7.46968],
			"to": [9.75, 21.19343, 8.46968],
			"rotation": {"angle": -22.5, "axis": "x", "origin": [17.625, 19.89343, 4.46968]},
			"faces": {
				"north": {"uv": [0, 0, 1, 0], "texture": "#1"},
				"east": {"uv": [0, 0, 1, 0], "texture": "#1"},
				"south": {"uv": [0, 0, 1, 0], "texture": "#1"},
				"west": {"uv": [0, 0, 1, 0], "texture": "#1"},
				"up": {"uv": [7, 1, 6, 0], "texture": "#1"},
				"down": {"uv": [7, 1, 6, 2], "texture": "#1"}
			}
		},
		{
			"from": [5, 16.09343, 4.46968],
			"to": [7, 21.09343, 6.46968],
			"rotation": {"angle": -22.5, "axis": "x", "origin": [17.625, 19.89343, 4.46968]},
			"faces": {
				"north": {"uv": [0, 0, 2, 5], "texture": "#1"},
				"east": {"uv": [2, 0, 4, 5], "texture": "#1"},
				"south": {"uv": [4, 0, 6, 5], "texture": "#1"},
				"west": {"uv": [0, 5, 2, 10], "texture": "#1"},
				"up": {"uv": [4, 7, 2, 5], "texture": "#1"},
				"down": {"uv": [6, 5, 4, 7], "texture": "#1"}
			}
		},
		{
			"from": [4.75, 21.19343, 4.96968],
			"to": [5.75, 21.19343, 5.96968],
			"rotation": {"angle": -22.5, "axis": "x", "origin": [17.625, 19.89343, 4.46968]},
			"faces": {
				"north": {"uv": [0, 0, 1, 0], "texture": "#1"},
				"east": {"uv": [0, 0, 1, 0], "texture": "#1"},
				"south": {"uv": [0, 0, 1, 0], "texture": "#1"},
				"west": {"uv": [0, 0, 1, 0], "texture": "#1"},
				"up": {"uv": [7, 1, 6, 0], "texture": "#1"},
				"down": {"uv": [7, 1, 6, 2], "texture": "#1"}
			}
		},
		{
			"from": [16, 9.19238, 4.96717],
			"to": [20, 14.19238, 6.96717],
			"rotation": {"angle": -22.5, "axis": "x", "origin": [20, 11.69238, 4.96717]},
			"faces": {
				"north": {"uv": [0, 6, 4, 11], "texture": "#1"},
				"east": {"uv": [8, 6, 10, 11], "texture": "#1"},
				"south": {"uv": [4, 6, 8, 11], "texture": "#1"},
				"west": {"uv": [10, 0, 12, 5], "texture": "#1"},
				"up": {"uv": [14, 7, 10, 5], "texture": "#1"},
				"down": {"uv": [14, 7, 10, 9], "texture": "#1"}
			}
		},
		{
			"from": [15.5, 8.69238, 5.96717],
			"to": [20.5, 14.69238, 5.96717],
			"rotation": {"angle": -22.5, "axis": "x", "origin": [20, 11.69238, 4.96717]},
			"faces": {
				"north": {"uv": [0, 0, 5, 6], "texture": "#1"},
				"east": {"uv": [0, 0, 0, 6], "texture": "#1"},
				"south": {"uv": [5, 0, 10, 6], "texture": "#1"},
				"west": {"uv": [0, 0, 0, 6], "texture": "#1"},
				"up": {"uv": [5, 0, 0, 0], "texture": "#1"},
				"down": {"uv": [5, 0, 0, 0], "texture": "#1"}
			}
		},
		{
			"from": [10, 9.19238, 7.46717],
			"to": [14, 14.19238, 9.46717],
			"rotation": {"angle": -22.5, "axis": "x", "origin": [20, 11.69238, 4.96717]},
			"faces": {
				"north": {"uv": [0, 6, 4, 11], "texture": "#7"},
				"east": {"uv": [8, 6, 10, 11], "texture": "#7"},
				"south": {"uv": [4, 6, 8, 11], "texture": "#7"},
				"west": {"uv": [10, 0, 12, 5], "texture": "#7"},
				"up": {"uv": [14, 7, 10, 5], "texture": "#7"},
				"down": {"uv": [14, 7, 10, 9], "texture": "#7"}
			}
		},
		{
			"from": [9.5, 8.69238, 8.46717],
			"to": [14.5, 14.69238, 8.46717],
			"rotation": {"angle": -22.5, "axis": "x", "origin": [20, 11.69238, 4.96717]},
			"faces": {
				"north": {"uv": [0, 0, 5, 6], "texture": "#7"},
				"east": {"uv": [0, 0, 0, 6], "texture": "#7"},
				"south": {"uv": [5, 0, 10, 6], "texture": "#7"},
				"west": {"uv": [0, 0, 0, 6], "texture": "#7"},
				"up": {"uv": [5, 0, 0, 0], "texture": "#7"},
				"down": {"uv": [5, 0, 0, 0], "texture": "#7"}
			}
		},
		{
			"from": [10, 9.19238, 4.96717],
			"to": [14, 14.19238, 6.96717],
			"rotation": {"angle": -22.5, "axis": "x", "origin": [20, 11.69238, 4.96717]},
			"faces": {
				"north": {"uv": [0, 6, 4, 11], "texture": "#7"},
				"east": {"uv": [8, 6, 10, 11], "texture": "#7"},
				"south": {"uv": [4, 6, 8, 11], "texture": "#7"},
				"west": {"uv": [10, 0, 12, 5], "texture": "#7"},
				"up": {"uv": [14, 7, 10, 5], "texture": "#7"},
				"down": {"uv": [14, 7, 10, 9], "texture": "#7"}
			}
		},
		{
			"from": [9.5, 8.69238, 5.96717],
			"to": [14.5, 14.69238, 5.96717],
			"rotation": {"angle": -22.5, "axis": "x", "origin": [20, 11.69238, 4.96717]},
			"faces": {
				"north": {"uv": [0, 0, 5, 6], "texture": "#7"},
				"east": {"uv": [0, 0, 0, 6], "texture": "#7"},
				"south": {"uv": [5, 0, 10, 6], "texture": "#7"},
				"west": {"uv": [0, 0, 0, 6], "texture": "#7"},
				"up": {"uv": [5, 0, 0, 0], "texture": "#7"},
				"down": {"uv": [5, 0, 0, 0], "texture": "#7"}
			}
		},
		{
			"from": [10, 2.19238, 4.96717],
			"to": [14, 7.19238, 6.96717],
			"rotation": {"angle": -22.5, "axis": "x", "origin": [14, 4.69238, 4.96717]},
			"faces": {
				"north": {"uv": [0, 6, 4, 11], "texture": "#1"},
				"east": {"uv": [8, 6, 10, 11], "texture": "#1"},
				"south": {"uv": [4, 6, 8, 11], "texture": "#1"},
				"west": {"uv": [10, 0, 12, 5], "texture": "#1"},
				"up": {"uv": [14, 7, 10, 5], "texture": "#1"},
				"down": {"uv": [14, 7, 10, 9], "texture": "#1"}
			}
		},
		{
			"from": [9.5, 1.69238, 5.96717],
			"to": [14.5, 7.69238, 5.96717],
			"rotation": {"angle": -22.5, "axis": "x", "origin": [14, 4.69238, 4.96717]},
			"faces": {
				"north": {"uv": [0, 0, 5, 6], "texture": "#1"},
				"east": {"uv": [0, 0, 0, 6], "texture": "#1"},
				"south": {"uv": [5, 0, 10, 6], "texture": "#1"},
				"west": {"uv": [0, 0, 0, 6], "texture": "#1"},
				"up": {"uv": [5, 0, 0, 0], "texture": "#1"},
				"down": {"uv": [5, 0, 0, 0], "texture": "#1"}
			}
		},
		{
			"from": [10, 2.19238, 7.46717],
			"to": [14, 7.19238, 9.46717],
			"rotation": {"angle": -22.5, "axis": "x", "origin": [14, 4.69238, 4.96717]},
			"faces": {
				"north": {"uv": [0, 6, 4, 11], "texture": "#1"},
				"east": {"uv": [8, 6, 10, 11], "texture": "#1"},
				"south": {"uv": [4, 6, 8, 11], "texture": "#1"},
				"west": {"uv": [10, 0, 12, 5], "texture": "#1"},
				"up": {"uv": [14, 7, 10, 5], "texture": "#1"},
				"down": {"uv": [14, 7, 10, 9], "texture": "#1"}
			}
		},
		{
			"from": [9.5, 1.69238, 8.46717],
			"to": [14.5, 7.69238, 8.46717],
			"rotation": {"angle": -22.5, "axis": "x", "origin": [14, 4.69238, 4.96717]},
			"faces": {
				"north": {"uv": [0, 0, 5, 6], "texture": "#1"},
				"east": {"uv": [0, 0, 0, 6], "texture": "#1"},
				"south": {"uv": [5, 0, 10, 6], "texture": "#1"},
				"west": {"uv": [0, 0, 0, 6], "texture": "#1"},
				"up": {"uv": [5, 0, 0, 0], "texture": "#1"},
				"down": {"uv": [5, 0, 0, 0], "texture": "#1"}
			}
		}
	],
	"display": {
		"firstperson_righthand": {
			"rotation": [-180, 34.75, -180],
			"translation": [0, 2.5, 0],
			"scale": [0.2, 0.2, 0.2]
		},
		"fixed": {
			"rotation": [-90, 0, 0],
			"translation": [0, -2.25, -31.25],
			"scale": [1.3, 1.3, 1.3]
		}
	},
	"groups": [
		{
			"name": "group",
			"origin": [12, 14, 0],
			"color": 0,
			"children": [0, 1, 2, 3, 4, 5]
		},
		{
			"name": "group",
			"origin": [2, 23, 5],
			"color": 0,
			"children": [
				{
					"name": "group",
					"origin": [12, 24.06879, 8.88686],
					"color": 0,
					"children": [6, 7]
				},
				{
					"name": "group",
					"origin": [12, 24.06879, 8.88686],
					"color": 0,
					"children": [8, 9]
				},
				{
					"name": "group",
					"origin": [12, 24.06879, 8.88686],
					"color": 0,
					"children": [10, 11]
				},
				{
					"name": "group",
					"origin": [12, 24.06879, 8.88686],
					"color": 0,
					"children": [12, 13]
				},
				14,
				15,
				16,
				17
			]
		},
		{
			"name": "group",
			"origin": [8, 8, 8],
			"color": 0,
			"children": [
				{
					"name": "line_0",
					"origin": [8, 8, 8],
					"color": 0,
					"children": [
						{
							"name": "role_0",
							"origin": [8, 8, 8],
							"color": 0,
							"children": [
								{
									"name": "coke",
									"origin": [6.75, 5.1, 7.5],
									"color": 0,
									"children": [18, 19]
								},
								{
									"name": "coke",
									"origin": [6.75, 5.1, 7.5],
									"color": 0,
									"children": [20, 21]
								}
							]
						},
						{
							"name": "role_1",
							"origin": [8, 8, 8],
							"color": 0,
							"children": [
								{
									"name": "coke",
									"origin": [6.75, 5.1, 7.5],
									"color": 0,
									"children": [22, 23]
								}
							]
						},
						{
							"name": "role_2",
							"origin": [8, 8, 8],
							"color": 0,
							"children": [
								{
									"name": "coke",
									"origin": [6.75, 5.1, 7.5],
									"color": 0,
									"children": [24, 25]
								},
								{
									"name": "coke",
									"origin": [6.75, 5.1, 7.5],
									"color": 0,
									"children": [26, 27]
								}
							]
						},
						{
							"name": "role_3",
							"origin": [8, 8, 8],
							"color": 0,
							"children": [
								{
									"name": "coke",
									"origin": [6.75, 5.1, 7.5],
									"color": 0,
									"children": [28, 29]
								}
							]
						}
					]
				},
				{
					"name": "line_1",
					"origin": [8, 8, 8],
					"color": 0,
					"children": [
						{
							"name": "role_0",
							"origin": [8, 8, 8],
							"color": 0,
							"children": []
						},
						{
							"name": "role_1",
							"origin": [8, 8, 8],
							"color": 0,
							"children": [
								{
									"name": "coke",
									"origin": [6.75, 5.1, 7.5],
									"color": 0,
									"children": [30, 31]
								}
							]
						},
						{
							"name": "role_2",
							"origin": [8, 8, 8],
							"color": 0,
							"children": [
								{
									"name": "coke",
									"origin": [6.75, 5.1, 7.5],
									"color": 0,
									"children": [32, 33]
								},
								{
									"name": "coke",
									"origin": [6.75, 5.1, 7.5],
									"color": 0,
									"children": [34, 35]
								}
							]
						},
						{
							"name": "role_3",
							"origin": [8, 8, 8],
							"color": 0,
							"children": [
								{
									"name": "coke",
									"origin": [6.75, 5.1, 7.5],
									"color": 0,
									"children": [36, 37]
								}
							]
						}
					]
				},
				{
					"name": "line_2",
					"origin": [8, 8, 8],
					"color": 0,
					"children": [
						{
							"name": "role_1",
							"origin": [8, 8, 8],
							"color": 0,
							"children": [
								{
									"name": "group",
									"origin": [5.5, 0, 7],
									"color": 0,
									"children": [38, 39]
								}
							]
						},
						{
							"name": "role_2",
							"origin": [8, 8, 8],
							"color": 0,
							"children": [
								{
									"name": "group",
									"origin": [5.5, 0, 7],
									"color": 0,
									"children": [40, 41]
								},
								{
									"name": "group",
									"origin": [5.5, 0, 7],
									"color": 0,
									"children": [42, 43]
								}
							]
						}
					]
				},
				{
					"name": "line_2",
					"origin": [8, 8, 8],
					"color": 0,
					"children": [
						{
							"name": "role_1",
							"origin": [8, 8, 8],
							"color": 0,
							"children": [
								{
									"name": "group",
									"origin": [5.5, 0, 7],
									"color": 0,
									"children": [44, 45]
								},
								{
									"name": "group",
									"origin": [5.5, 0, 7],
									"color": 0,
									"children": [46, 47]
								}
							]
						},
						{
							"name": "role_2",
							"origin": [8, 8, 8],
							"color": 0,
							"children": []
						}
					]
				}
			]
		}
	]
}