{
  "parent": "minecraft:item/handheld",
  "textures": {
    "layer0": "minecraft:item/diamond_sword"
  },
  "overrides": [
    {"predicate": {"custom_model_data": 1},"model": "item/diamond_sword/barriere"},
    {"predicate": {"custom_model_data": 2},"model": "item/diamond_sword/barrierstudio2"},
    {"predicate": {"custom_model_data": 3},"model": "item/diamond_sword/barrierstudio2,1"},
    {"predicate": {"custom_model_data": 4},"model": "item/diamond_sword/barrierstudio2,2"},
    {"predicate": {"custom_model_data": 5},"model": "item/diamond_sword/studiotheater"},
    {"predicate": {"custom_model_data": 6},"model": "item/diamond_sword/panneaustudio2"},
    {"predicate": {"custom_model_data": 7},"model": "item/diamond_sword/lumiere"},
    {"predicate": {"custom_model_data": 8},"model": "item/diamond_sword/lumiere,2"},
    {"predicate": {"custom_model_data": 9},"model": "item/diamond_sword/TOTthe"},
    {"predicate": {"custom_model_data": 10},"model": "item/diamond_sword/TOTho"},
    {"predicate": {"custom_model_data": 11},"model": "item/diamond_sword/TOTL"},
    {"predicate": {"custom_model_data": 12},"model": "item/diamond_sword/TOTy"},
    {"predicate": {"custom_model_data": 13},"model": "item/diamond_sword/TOTw"},
    {"predicate": {"custom_model_data": 14},"model": "item/diamond_sword/TOTo"},
    {"predicate": {"custom_model_data": 15},"model": "item/diamond_sword/TOTd"},
    {"predicate": {"custom_model_data": 16},"model": "item/diamond_sword/TOTt"},
    {"predicate": {"custom_model_data": 17},"model": "item/diamond_sword/TOTE"},
    {"predicate": {"custom_model_data": 18},"model": "item/diamond_sword/TOTr"},
    {"predicate": {"custom_model_data": 19},"model": "item/diamond_sword/TOTho2"},
    {"predicate": {"custom_model_data": 20},"model": "item/diamond_sword/TOTtel"},
    {"predicate": {"custom_model_data": 21},"model": "item/diamond_sword/néonbleu"},
    {"predicate": {"custom_model_data": 22},"model": "item/diamond_sword/WEB"},
    {"predicate": {"custom_model_data": 23},"model": "item/diamond_sword/WEB2"},
    {"predicate": {"custom_model_data": 24},"model": "item/diamond_sword/WEB3"},
    {"predicate": {"custom_model_data": 25},"model": "item/diamond_sword/barriercampus"},
    {"predicate": {"custom_model_data": 26},"model": "item/diamond_sword/OreilleMickey"},
    {"predicate": {"custom_model_data": 27},"model": "item/diamond_sword/DisneyLandHotel"},
    {"predicate": {"custom_model_data": 28},"model": "item/diamond_sword/LumiéreDLH1"}
  ]
}
